Run_ID,Experiment,Replica,Tool_ID,Group,Subgroup,Position,Condition,TCond,Machined_length,Init_diameter,Final_diameter,CTime,R_measurement,ap,vc,f,Ra,Rz,Rsk,Rku,RSm,Rt,Fx,Fy,Fz,F,source_file,Exp
1_021_B1_4_a,1.0,1,21,1,2,a,4,0.0,12,94.0,93.5,na,1,0.25,350,0.07,0.391,1.855,0.56,2.423,71.4,2.082,49.23,44.46,21.07,69.60049856,Exp1.csv,
1_021_B1_4_a,1.0,1,21,1,2,a,4,0.0,12,94.0,93.5,na,2,0.25,350,0.07,0.359,1.67,0.53,2.229,70.9,1.918,49.23,44.46,21.07,69.60049856,Exp1.csv,
1_021_B1_4_a,1.0,1,21,1,2,a,4,0.0,12,94.0,93.5,na,3,0.25,350,0.07,0.421,1.912,0.634,2.332,71.2,2.062,49.23,44.46,21.07,69.60049856,Exp1.csv,
1_021_B1_4_a,1.0,1,21,1,2,a,4,0.0,12,94.0,93.5,na,4,0.25,350,0.07,0.45,1.961,0.676,2.325,72.8,2.063,49.23,44.46,21.07,69.60049856,Exp1.csv,
1_021_B1_4_a,1.0,1,21,1,2,a,4,0.0,12,94.0,93.5,na,5,0.25,350,0.07,0.36,1.782,0.714,2.636,69.4,1.957,49.23,44.46,21.07,69.60049856,Exp1.csv,
1_021_B1_4_a,1.0,1,21,1,2,a,4,0.0,12,94.0,93.5,na,6,0.25,350,0.07,0.383,1.931,0.58,2.542,67.3,2.039,49.23,44.46,21.07,69.60049856,Exp1.csv,
1_021_B1_5_c,1.0,1,21,1,2,c,5,0.0,12,94.0,93.5,na,1,0.25,350,0.1,0.612,2.451,0.767,2.32,100.9,2.626,65.48,49.71,22.31,85.18480264,Exp1.csv,
1_021_B1_5_c,1.0,1,21,1,2,c,5,0.0,12,94.0,93.5,na,2,0.25,350,0.1,0.621,2.487,0.774,2.361,100.6,2.762,65.48,49.71,22.31,85.18480264,Exp1.csv,
1_021_B1_5_c,1.0,1,21,1,2,c,5,0.0,12,94.0,93.5,na,3,0.25,350,0.1,0.628,2.686,0.799,2.47,100.0,2.9,65.48,49.71,22.31,85.18480264,Exp1.csv,
1_021_B1_5_c,1.0,1,21,1,2,c,5,0.0,12,94.0,93.5,na,4,0.25,350,0.1,0.628,2.517,0.739,2.255,99.4,2.781,65.48,49.71,22.31,85.18480264,Exp1.csv,
1_021_B1_5_c,1.0,1,21,1,2,c,5,0.0,12,94.0,93.5,na,5,0.25,350,0.1,0.724,3.02,0.571,2.148,100.6,3.159,65.48,49.71,22.31,85.18480264,Exp1.csv,
1_021_B1_5_c,1.0,1,21,1,2,c,5,0.0,12,94.0,93.5,na,6,0.25,350,0.1,0.618,2.596,0.865,2.494,101.5,2.759,65.48,49.71,22.31,85.18480264,Exp1.csv,
1_021_B1_8_d,1.0,1,21,1,3,d,8,0.0,12,94.0,93.5,na,1,0.25,390,0.1,0.709,2.629,0.612,1.947,100.0,2.783,65.95,50.85,22.3,86.21145516,Exp1.csv,
1_021_B1_8_d,1.0,1,21,1,3,d,8,0.0,12,94.0,93.5,na,2,0.25,390,0.1,0.692,2.666,0.555,1.966,101.2,2.763,65.95,50.85,22.3,86.21145516,Exp1.csv,
1_021_B1_8_d,1.0,1,21,1,3,d,8,0.0,12,94.0,93.5,na,3,0.25,390,0.1,0.703,2.735,0.6,2.007,100.8,2.947,65.95,50.85,22.3,86.21145516,Exp1.csv,
1_021_B1_8_d,1.0,1,21,1,3,d,8,0.0,12,94.0,93.5,na,4,0.25,390,0.1,0.731,2.795,0.532,1.901,101.5,2.85,65.95,50.85,22.3,86.21145516,Exp1.csv,
1_021_B1_8_d,1.0,1,21,1,3,d,8,0.0,12,94.0,93.5,na,5,0.25,390,0.1,0.734,2.778,0.512,1.892,100.9,2.953,65.95,50.85,22.3,86.21145516,Exp1.csv,
1_021_B1_8_d,1.0,1,21,1,3,d,8,0.0,12,94.0,93.5,na,6,0.25,390,0.1,0.735,2.733,0.551,1.872,100.4,2.831,65.95,50.85,22.3,86.21145516,Exp1.csv,
1_021_B1_7_f,1.0,1,21,1,3,f,7,0.0,12,94.0,93.5,na,1,0.25,390,0.07,0.362,1.531,0.545,1.975,71.2,1.621,51.59,42.31,18.87,69.33787637,Exp1.csv,
1_021_B1_7_f,1.0,1,21,1,3,f,7,0.0,12,94.0,93.5,na,2,0.25,390,0.07,0.293,1.3,0.584,2.245,71.7,1.438,51.59,42.31,18.87,69.33787637,Exp1.csv,
1_021_B1_7_f,1.0,1,21,1,3,f,7,0.0,12,94.0,93.5,na,3,0.25,390,0.07,0.316,1.319,0.289,1.905,69.5,1.453,51.59,42.31,18.87,69.33787637,Exp1.csv,
1_021_B1_7_f,1.0,1,21,1,3,f,7,0.0,12,94.0,93.5,na,4,0.25,390,0.07,0.309,1.709,1.018,3.222,71.6,1.807,51.59,42.31,18.87,69.33787637,Exp1.csv,
1_021_B1_7_f,1.0,1,21,1,3,f,7,0.0,12,94.0,93.5,na,5,0.25,390,0.07,0.326,1.282,0.335,1.824,71.2,1.358,51.59,42.31,18.87,69.33787637,Exp1.csv,
1_021_B1_7_f,1.0,1,21,1,3,f,7,0.0,12,94.0,93.5,na,6,0.25,390,0.07,0.324,1.402,0.442,2.027,68.4,1.556,51.59,42.31,18.87,69.33787637,Exp1.csv,
1_021_B1_2_g,1.0,1,21,1,1,g,2,0.0,12,94.0,93.5,na,1,0.25,310,0.1,0.681,2.554,0.237,1.677,98.8,2.813,69.13,50.07,20.51,87.78736754,Exp1.csv,
1_021_B1_2_g,1.0,1,21,1,1,g,2,0.0,12,94.0,93.5,na,2,0.25,310,0.1,0.677,2.478,0.253,1.747,98.4,2.899,69.13,50.07,20.51,87.78736754,Exp1.csv,
1_021_B1_2_g,1.0,1,21,1,1,g,2,0.0,12,94.0,93.5,na,3,0.25,310,0.1,0.684,2.264,0.202,1.494,101.6,2.42,69.13,50.07,20.51,87.78736754,Exp1.csv,
1_021_B1_2_g,1.0,1,21,1,1,g,2,0.0,12,94.0,93.5,na,4,0.25,310,0.1,0.667,2.369,0.192,1.585,100.4,2.614,69.13,50.07,20.51,87.78736754,Exp1.csv,
1_021_B1_2_g,1.0,1,21,1,1,g,2,0.0,12,94.0,93.5,na,5,0.25,310,0.1,0.671,2.324,0.084,1.5,100.0,2.418,69.13,50.07,20.51,87.78736754,Exp1.csv,
1_021_B1_2_g,1.0,1,21,1,1,g,2,0.0,12,94.0,93.5,na,6,0.25,310,0.1,0.67,2.373,0.223,1.576,101.3,2.54,69.13,50.07,20.51,87.78736754,Exp1.csv,
1_021_B1_1_h,1.0,1,21,1,1,h,1,0.0,12,94.0,93.5,na,1,0.25,310,0.07,0.227,1.431,-0.374,2.99,72.3,1.773,55.44,41.6,19.53,72.0109332,Exp1.csv,
1_021_B1_1_h,1.0,1,21,1,1,h,1,0.0,12,94.0,93.5,na,2,0.25,310,0.07,0.247,1.513,-0.255,2.653,69.3,1.686,55.44,41.6,19.53,72.0109332,Exp1.csv,
1_021_B1_1_h,1.0,1,21,1,1,h,1,0.0,12,94.0,93.5,na,3,0.25,310,0.07,0.264,1.612,-0.201,2.638,84.9,1.823,55.44,41.6,19.53,72.0109332,Exp1.csv,
1_021_B1_1_h,1.0,1,21,1,1,h,1,0.0,12,94.0,93.5,na,4,0.25,310,0.07,0.219,1.428,-0.282,3.063,60.7,1.702,55.44,41.6,19.53,72.0109332,Exp1.csv,
1_021_B1_1_h,1.0,1,21,1,1,h,1,0.0,12,94.0,93.5,na,5,0.25,310,0.07,0.211,1.405,-0.457,3.132,75.5,1.541,55.44,41.6,19.53,72.0109332,Exp1.csv,
1_021_B1_1_h,1.0,1,21,1,1,h,1,0.0,12,94.0,93.5,na,6,0.25,310,0.07,0.235,1.462,-0.368,2.959,64.1,1.761,55.44,41.6,19.53,72.0109332,Exp1.csv,
1_031_B2_10_b,1.0,1,31,2,4,b,10,0.0,12,93.5,92.5,na,1,0.5,310,0.07,0.256,1.111,0.129,1.871,78.6,1.272,110.5,61.45,68.08,143.6009711,Exp1.csv,
1_031_B2_10_b,1.0,1,31,2,4,b,10,0.0,12,93.5,92.5,na,2,0.5,310,0.07,0.257,1.118,0.105,1.871,75.1,1.299,110.5,61.45,68.08,143.6009711,Exp1.csv,
1_031_B2_10_b,1.0,1,31,2,4,b,10,0.0,12,93.5,92.5,na,3,0.5,310,0.07,0.243,1.08,0.16,1.867,71.4,1.242,110.5,61.45,68.08,143.6009711,Exp1.csv,
1_031_B2_10_b,1.0,1,31,2,4,b,10,0.0,12,93.5,92.5,na,4,0.5,310,0.07,0.292,1.406,-0.048,2.044,77.9,1.497,110.5,61.45,68.08,143.6009711,Exp1.csv,
1_031_B2_10_b,1.0,1,31,2,4,b,10,0.0,12,93.5,92.5,na,5,0.5,310,0.07,0.264,1.073,0.135,1.727,69.8,1.259,110.5,61.45,68.08,143.6009711,Exp1.csv,
1_031_B2_10_b,1.0,1,31,2,4,b,10,0.0,12,93.5,92.5,na,6,0.5,310,0.07,0.303,1.566,0.139,2.217,72.1,1.68,110.5,61.45,68.08,143.6009711,Exp1.csv,
1_031_B2_11_d,1.0,1,31,2,4,d,11,0.0,12,93.5,92.5,na,1,0.5,310,0.1,0.501,2.623,0.876,3.121,97.8,2.826,141.5,69.27,67.71,171.4795236,Exp1.csv,
1_031_B2_11_d,1.0,1,31,2,4,d,11,0.0,12,93.5,92.5,na,2,0.5,310,0.1,0.521,2.695,0.837,3.007,105.8,2.891,141.5,69.27,67.71,171.4795236,Exp1.csv,
1_031_B2_11_d,1.0,1,31,2,4,d,11,0.0,12,93.5,92.5,na,3,0.5,310,0.1,0.538,2.716,0.794,2.954,95.1,2.946,141.5,69.27,67.71,171.4795236,Exp1.csv,
1_031_B2_11_d,1.0,1,31,2,4,d,11,0.0,12,93.5,92.5,na,4,0.5,310,0.1,0.52,2.657,0.926,3.088,107.8,2.949,141.5,69.27,67.71,171.4795236,Exp1.csv,
1_031_B2_11_d,1.0,1,31,2,4,d,11,0.0,12,93.5,92.5,na,5,0.5,310,0.1,0.511,2.721,0.891,3.171,103.1,2.902,141.5,69.27,67.71,171.4795236,Exp1.csv,
1_031_B2_11_d,1.0,1,31,2,4,d,11,0.0,12,93.5,92.5,na,6,0.5,310,0.1,0.514,2.795,0.947,3.197,107.5,2.924,141.5,69.27,67.71,171.4795236,Exp1.csv,
1_031_B2_17_e,1.0,1,31,2,6,e,17,0.0,12,93.5,92.5,na,1,0.5,390,0.1,0.567,2.53,0.515,2.249,101.3,2.871,141.9,70.27,65.19,171.2402377,Exp1.csv,
1_031_B2_17_e,1.0,1,31,2,6,e,17,0.0,12,93.5,92.5,na,2,0.5,390,0.1,0.596,2.675,0.381,2.221,101.8,2.813,141.9,70.27,65.19,171.2402377,Exp1.csv,
1_031_B2_17_e,1.0,1,31,2,6,e,17,0.0,12,93.5,92.5,na,3,0.5,390,0.1,0.544,2.531,0.488,2.366,103.7,2.708,141.9,70.27,65.19,171.2402377,Exp1.csv,
1_031_B2_17_e,1.0,1,31,2,6,e,17,0.0,12,93.5,92.5,na,4,0.5,390,0.1,0.55,2.578,0.489,2.36,102.3,2.701,141.9,70.27,65.19,171.2402377,Exp1.csv,
1_031_B2_17_e,1.0,1,31,2,6,e,17,0.0,12,93.5,92.5,na,5,0.5,390,0.1,0.532,2.594,0.713,2.628,104.1,2.808,141.9,70.27,65.19,171.2402377,Exp1.csv,
1_031_B2_17_e,1.0,1,31,2,6,e,17,0.0,12,93.5,92.5,na,6,0.5,390,0.1,0.532,2.594,0.713,2.628,104.1,2.808,141.9,70.27,65.19,171.2402377,Exp1.csv,
1_031_B2_16_f,1.0,1,31,2,6,f,16,0.0,12,93.5,92.5,na,1,0.5,390,0.07,0.37,1.663,0.111,1.944,71.2,1.93,110.1,56.55,61.05,138.0109235,Exp1.csv,
1_031_B2_16_f,1.0,1,31,2,6,f,16,0.0,12,93.5,92.5,na,2,0.5,390,0.07,0.342,1.419,0.102,1.834,71.7,1.6,110.1,56.55,61.05,138.0109235,Exp1.csv,
1_031_B2_16_f,1.0,1,31,2,6,f,16,0.0,12,93.5,92.5,na,3,0.5,390,0.07,0.371,1.582,0.001,1.831,71.0,1.736,110.1,56.55,61.05,138.0109235,Exp1.csv,
1_031_B2_16_f,1.0,1,31,2,6,f,16,0.0,12,93.5,92.5,na,4,0.5,390,0.07,0.355,1.504,0.075,1.849,70.9,1.614,110.1,56.55,61.05,138.0109235,Exp1.csv,
1_031_B2_16_f,1.0,1,31,2,6,f,16,0.0,12,93.5,92.5,na,5,0.5,390,0.07,0.363,1.622,0.02,1.91,71.8,1.735,110.1,56.55,61.05,138.0109235,Exp1.csv,
1_031_B2_16_f,1.0,1,31,2,6,f,16,0.0,12,93.5,92.5,na,6,0.5,390,0.07,0.36,1.583,0.008,1.928,70.1,1.765,110.1,56.55,61.05,138.0109235,Exp1.csv,
1_031_B2_14_h,1.0,1,31,2,5,h,14,0.0,12,93.5,92.5,na,1,0.5,350,0.1,0.623,2.671,0.097,1.949,99.1,2.8,144.7,70.44,66.44,174.1096126,Exp1.csv,
1_031_B2_14_h,1.0,1,31,2,5,h,14,0.0,12,93.5,92.5,na,2,0.5,350,0.1,0.603,2.638,0.181,1.997,100.4,2.776,144.7,70.44,66.44,174.1096126,Exp1.csv,
1_031_B2_14_h,1.0,1,31,2,5,h,14,0.0,12,93.5,92.5,na,3,0.5,350,0.1,0.606,2.604,0.084,1.95,100.6,2.695,144.7,70.44,66.44,174.1096126,Exp1.csv,
1_031_B2_14_h,1.0,1,31,2,5,h,14,0.0,12,93.5,92.5,na,4,0.5,350,0.1,0.616,2.638,0.11,1.949,99.1,2.723,144.7,70.44,66.44,174.1096126,Exp1.csv,
1_031_B2_14_h,1.0,1,31,2,5,h,14,0.0,12,93.5,92.5,na,5,0.5,350,0.1,0.602,2.623,0.16,1.989,98.1,2.789,144.7,70.44,66.44,174.1096126,Exp1.csv,
1_031_B2_14_h,1.0,1,31,2,5,h,14,0.0,12,93.5,92.5,na,6,0.5,350,0.1,0.595,2.65,0.136,1.99,101.0,2.737,144.7,70.44,66.44,174.1096126,Exp1.csv,
1_031_B2_13_j,1.0,1,31,2,5,j,13,0.0,12,93.5,92.5,na,1,0.5,350,0.07,0.356,1.636,-0.115,2.032,70.3,1.781,107.7,52.78,60.21,134.2023193,Exp1.csv,
1_031_B2_13_j,1.0,1,31,2,5,j,13,0.0,12,93.5,92.5,na,2,0.5,350,0.07,0.334,1.609,0.038,2.113,68.7,1.738,107.7,52.78,60.21,134.2023193,Exp1.csv,
1_031_B2_13_j,1.0,1,31,2,5,j,13,0.0,12,93.5,92.5,na,3,0.5,350,0.07,0.334,1.635,-0.042,2.165,71.3,1.797,107.7,52.78,60.21,134.2023193,Exp1.csv,
1_031_B2_13_j,1.0,1,31,2,5,j,13,0.0,12,93.5,92.5,na,4,0.5,350,0.07,0.337,1.428,-0.137,1.802,70.8,1.539,107.7,52.78,60.21,134.2023193,Exp1.csv,
1_031_B2_13_j,1.0,1,31,2,5,j,13,0.0,12,93.5,92.5,na,5,0.5,350,0.07,0.254,1.251,-0.101,2.088,68.3,1.381,107.7,52.78,60.21,134.2023193,Exp1.csv,
1_031_B2_13_j,1.0,1,31,2,5,j,13,0.0,12,93.5,92.5,na,6,0.5,350,0.07,0.255,1.253,0.076,2.155,63.3,1.421,107.7,52.78,60.21,134.2023193,Exp1.csv,
1_041_B3_22_a,1.0,1,41,3,8,a,22,0.0,12,92.5,90.9,na,1,0.8,350,0.07,0.38,1.681,0.439,2.042,70.7,1.803,159.5,62.91,115.8,206.8998746,Exp1.csv,
1_041_B3_22_a,1.0,1,41,3,8,a,22,0.0,12,92.5,90.9,na,2,0.8,350,0.07,0.366,1.535,0.417,1.962,70.9,1.688,159.5,62.91,115.8,206.8998746,Exp1.csv,
1_041_B3_22_a,1.0,1,41,3,8,a,22,0.0,12,92.5,90.9,na,3,0.8,350,0.07,0.383,1.763,0.376,2.107,71.4,1.928,159.5,62.91,115.8,206.8998746,Exp1.csv,
1_041_B3_22_a,1.0,1,41,3,8,a,22,0.0,12,92.5,90.9,na,4,0.8,350,0.07,0.374,1.627,0.449,2.017,70.2,1.729,159.5,62.91,115.8,206.8998746,Exp1.csv,
1_041_B3_22_a,1.0,1,41,3,8,a,22,0.0,12,92.5,90.9,na,5,0.8,350,0.07,0.379,1.736,0.426,2.089,69.2,1.92,159.5,62.91,115.8,206.8998746,Exp1.csv,
1_041_B3_22_a,1.0,1,41,3,8,a,22,0.0,12,92.5,90.9,na,6,0.8,350,0.07,0.383,1.66,0.463,2.007,70.6,1.848,159.5,62.91,115.8,206.8998746,Exp1.csv,
1_041_B3_23_c,1.0,1,41,3,8,c,23,0.0,12,92.5,90.9,na,1,0.8,350,0.1,0.929,4.12,0.668,2.529,100.2,4.24,213.0,77.32,190.3,295.9078782,Exp1.csv,
1_041_B3_23_c,1.0,1,41,3,8,c,23,0.0,12,92.5,90.9,na,2,0.8,350,0.1,0.888,3.982,0.412,2.312,101.9,4.187,213.0,77.32,190.3,295.9078782,Exp1.csv,
1_041_B3_23_c,1.0,1,41,3,8,c,23,0.0,12,92.5,90.9,na,3,0.8,350,0.1,0.799,3.662,0.616,2.523,101.3,3.981,213.0,77.32,190.3,295.9078782,Exp1.csv,
1_041_B3_23_c,1.0,1,41,3,8,c,23,0.0,12,92.5,90.9,na,4,0.8,350,0.1,0.867,3.825,0.468,2.335,102.4,4.136,213.0,77.32,190.3,295.9078782,Exp1.csv,
1_041_B3_23_c,1.0,1,41,3,8,c,23,0.0,12,92.5,90.9,na,5,0.8,350,0.1,0.729,3.43,0.679,2.694,101.4,3.587,213.0,77.32,190.3,295.9078782,Exp1.csv,
1_041_B3_23_c,1.0,1,41,3,8,c,23,0.0,12,92.5,90.9,na,6,0.8,350,0.1,0.743,3.349,0.708,2.553,99.1,3.51,213.0,77.32,190.3,295.9078782,Exp1.csv,
1_041_B3_25_d,1.0,1,41,3,9,d,25,0.0,12,92.5,90.9,na,1,0.8,390,0.07,0.47,2.226,0.419,2.202,70.4,2.412,162.8,60.35,116.9,209.3121413,Exp1.csv,
1_041_B3_25_d,1.0,1,41,3,9,d,25,0.0,12,92.5,90.9,na,2,0.8,390,0.07,0.392,1.735,0.2,1.971,71.6,1.863,162.8,60.35,116.9,209.3121413,Exp1.csv,
1_041_B3_25_d,1.0,1,41,3,9,d,25,0.0,12,92.5,90.9,na,3,0.8,390,0.07,0.503,2.285,0.398,2.125,70.9,2.374,162.8,60.35,116.9,209.3121413,Exp1.csv,
1_041_B3_25_d,1.0,1,41,3,9,d,25,0.0,12,92.5,90.9,na,4,0.8,390,0.07,0.535,2.351,0.388,2.05,70.4,2.502,162.8,60.35,116.9,209.3121413,Exp1.csv,
1_041_B3_25_d,1.0,1,41,3,9,d,25,0.0,12,92.5,90.9,na,5,0.8,390,0.07,0.388,1.756,0.381,2.059,71.1,1.923,162.8,60.35,116.9,209.3121413,Exp1.csv,
1_041_B3_25_d,1.0,1,41,3,9,d,25,0.0,12,92.5,90.9,na,6,0.8,390,0.07,0.344,1.532,0.171,1.957,70.3,1.667,162.8,60.35,116.9,209.3121413,Exp1.csv,
1_041_B3_26_e,1.0,1,41,3,9,e,26,0.0,12,92.5,90.9,na,1,0.8,390,0.1,0.699,3.16,0.655,2.31,99.0,3.307,215.7,75.94,193.2,299.3653514,Exp1.csv,
1_041_B3_26_e,1.0,1,41,3,9,e,26,0.0,12,92.5,90.9,na,2,0.8,390,0.1,0.879,3.617,0.081,1.864,99.5,3.755,215.7,75.94,193.2,299.3653514,Exp1.csv,
1_041_B3_26_e,1.0,1,41,3,9,e,26,0.0,12,92.5,90.9,na,3,0.8,390,0.1,0.882,3.576,0.196,1.855,100.7,3.723,215.7,75.94,193.2,299.3653514,Exp1.csv,
1_041_B3_26_e,1.0,1,41,3,9,e,26,0.0,12,92.5,90.9,na,4,0.8,390,0.1,0.858,3.536,0.304,1.968,100.9,3.624,215.7,75.94,193.2,299.3653514,Exp1.csv,
1_041_B3_26_e,1.0,1,41,3,9,e,26,0.0,12,92.5,90.9,na,5,0.8,390,0.1,0.536,2.746,0.657,2.769,99.3,2.967,215.7,75.94,193.2,299.3653514,Exp1.csv,
1_041_B3_26_e,1.0,1,41,3,9,e,26,0.0,12,92.5,90.9,na,6,0.8,390,0.1,0.449,2.463,1.066,3.403,95.3,2.6,215.7,75.94,193.2,299.3653514,Exp1.csv,
1_041_B3_19_h,1.0,1,41,3,7,h,19,0.0,12,92.5,90.9,na,1,0.8,310,0.07,0.391,1.679,-0.433,2.075,69.3,1.937,169.4,61.43,121.5,217.3298298,Exp1.csv,
1_041_B3_19_h,1.0,1,41,3,7,h,19,0.0,12,92.5,90.9,na,2,0.8,310,0.07,0.375,1.724,-0.483,2.176,70.2,1.892,169.4,61.43,121.5,217.3298298,Exp1.csv,
1_041_B3_19_h,1.0,1,41,3,7,h,19,0.0,12,92.5,90.9,na,3,0.8,310,0.07,0.404,1.984,-0.27,2.236,69.8,2.313,169.4,61.43,121.5,217.3298298,Exp1.csv,
1_041_B3_19_h,1.0,1,41,3,7,h,19,0.0,12,92.5,90.9,na,4,0.8,310,0.07,0.36,1.725,-0.269,2.169,66.8,1.997,169.4,61.43,121.5,217.3298298,Exp1.csv,
1_041_B3_19_h,1.0,1,41,3,7,h,19,0.0,12,92.5,90.9,na,5,0.8,310,0.07,0.386,1.765,-0.465,2.207,69.8,2.058,169.4,61.43,121.5,217.3298298,Exp1.csv,
1_041_B3_19_h,1.0,1,41,3,7,h,19,0.0,12,92.5,90.9,na,6,0.8,310,0.07,0.392,1.993,-0.397,2.35,70.6,2.232,169.4,61.43,121.5,217.3298298,Exp1.csv,
1_041_B3_20_i,1.0,1,41,3,7,i,20,0.0,12,92.5,90.9,na,1,0.8,310,0.1,0.615,2.858,0.1,2.197,92.8,3.13,226.3,78.35,218.9,324.4497226,Exp1.csv,
1_041_B3_20_i,1.0,1,41,3,7,i,20,0.0,12,92.5,90.9,na,2,0.8,310,0.1,0.586,2.789,0.103,2.229,93.4,2.946,226.3,78.35,218.9,324.4497226,Exp1.csv,
1_041_B3_20_i,1.0,1,41,3,7,i,20,0.0,12,92.5,90.9,na,3,0.8,310,0.1,0.599,2.88,-0.039,2.207,89.6,3.07,226.3,78.35,218.9,324.4497226,Exp1.csv,
1_041_B3_20_i,1.0,1,41,3,7,i,20,0.0,12,92.5,90.9,na,4,0.8,310,0.1,0.588,2.861,0.14,2.281,101.9,3.061,226.3,78.35,218.9,324.4497226,Exp1.csv,
1_041_B3_20_i,1.0,1,41,3,7,i,20,0.0,12,92.5,90.9,na,5,0.8,310,0.1,0.654,3.015,0.548,2.323,99.6,3.23,226.3,78.35,218.9,324.4497226,Exp1.csv,
1_041_B3_20_i,1.0,1,41,3,7,i,20,0.0,12,92.5,90.9,na,6,0.8,310,0.1,0.598,2.87,-0.025,2.211,86.4,3.154,226.3,78.35,218.9,324.4497226,Exp1.csv,
1_051_B1_5_a,1.0,2,51,1,2,a,5,0.0,12,90.9,90.4,na,1,0.25,350,0.1,1.032,4.226,0.687,2.326,101.2,4.355,64.9,55.46,27.28,89.62153759,Exp1.csv,
1_051_B1_5_a,1.0,2,51,1,2,a,5,0.0,12,90.9,90.4,na,2,0.25,350,0.1,1.039,4.265,0.729,2.373,100.0,4.422,64.9,55.46,27.28,89.62153759,Exp1.csv,
1_051_B1_5_a,1.0,2,51,1,2,a,5,0.0,12,90.9,90.4,na,3,0.25,350,0.1,1.062,4.201,0.724,2.268,100.4,4.335,64.9,55.46,27.28,89.62153759,Exp1.csv,
1_051_B1_5_a,1.0,2,51,1,2,a,5,0.0,12,90.9,90.4,na,4,0.25,350,0.1,1.036,4.338,0.719,2.333,100.0,4.469,64.9,55.46,27.28,89.62153759,Exp1.csv,
1_051_B1_5_a,1.0,2,51,1,2,a,5,0.0,12,90.9,90.4,na,5,0.25,350,0.1,1.059,4.272,0.773,2.331,100.6,4.494,64.9,55.46,27.28,89.62153759,Exp1.csv,
1_051_B1_5_a,1.0,2,51,1,2,a,5,0.0,12,90.9,90.4,na,6,0.25,350,0.1,1.059,4.272,0.773,2.331,100.6,4.494,64.9,55.46,27.28,89.62153759,Exp1.csv,
1_051_B1_4_c,1.0,2,51,1,2,c,4,0.0,12,90.9,90.4,na,1,0.25,350,0.07,0.677,2.728,0.52,1.988,70.5,2.957,52.04,44.26,22.9,72.05219775,Exp1.csv,
1_051_B1_4_c,1.0,2,51,1,2,c,4,0.0,12,90.9,90.4,na,2,0.25,350,0.07,0.586,2.382,0.429,1.959,70.4,2.431,52.04,44.26,22.9,72.05219775,Exp1.csv,
1_051_B1_4_c,1.0,2,51,1,2,c,4,0.0,12,90.9,90.4,na,3,0.25,350,0.07,0.64,2.705,0.497,2.045,69.3,2.984,52.04,44.26,22.9,72.05219775,Exp1.csv,
1_051_B1_4_c,1.0,2,51,1,2,c,4,0.0,12,90.9,90.4,na,4,0.25,350,0.07,0.598,2.515,0.416,2.019,70.8,2.952,52.04,44.26,22.9,72.05219775,Exp1.csv,
1_051_B1_4_c,1.0,2,51,1,2,c,4,0.0,12,90.9,90.4,na,5,0.25,350,0.07,0.642,2.678,0.502,2.097,70.8,2.886,52.04,44.26,22.9,72.05219775,Exp1.csv,
1_051_B1_4_c,1.0,2,51,1,2,c,4,0.0,12,90.9,90.4,na,6,0.25,350,0.07,0.656,2.644,0.54,2.041,70.7,2.827,52.04,44.26,22.9,72.05219775,Exp1.csv,
1_051_B1_8_e,1.0,2,51,1,3,e,8,0.0,12,90.9,90.4,na,1,0.25,390,0.1,0.999,3.641,0.359,1.833,100.5,3.806,66.41,51.77,23.69,87.4736366,Exp1.csv,
1_051_B1_8_e,1.0,2,51,1,3,e,8,0.0,12,90.9,90.4,na,2,0.25,390,0.1,0.96,3.812,0.449,2.008,100.6,3.906,66.41,51.77,23.69,87.4736366,Exp1.csv,
1_051_B1_8_e,1.0,2,51,1,3,e,8,0.0,12,90.9,90.4,na,3,0.25,390,0.1,0.806,3.294,0.583,2.228,100.8,3.384,66.41,51.77,23.69,87.4736366,Exp1.csv,
1_051_B1_8_e,1.0,2,51,1,3,e,8,0.0,12,90.9,90.4,na,4,0.25,390,0.1,1.009,3.644,0.399,1.817,99.9,3.76,66.41,51.77,23.69,87.4736366,Exp1.csv,
1_051_B1_8_e,1.0,2,51,1,3,e,8,0.0,12,90.9,90.4,na,5,0.25,390,0.1,0.794,3.232,0.581,2.219,100.1,3.332,66.41,51.77,23.69,87.4736366,Exp1.csv,
1_051_B1_8_e,1.0,2,51,1,3,e,8,0.0,12,90.9,90.4,na,6,0.25,390,0.1,1.019,3.699,0.291,1.752,99.7,3.896,66.41,51.77,23.69,87.4736366,Exp1.csv,
1_051_B1_7_f,1.0,2,51,1,3,f,7,0.0,12,90.9,90.4,na,1,0.25,390,0.07,0.49,1.955,0.532,1.867,70.7,2.125,52.92,44.28,22.37,72.53731247,Exp1.csv,
1_051_B1_7_f,1.0,2,51,1,3,f,7,0.0,12,90.9,90.4,na,2,0.25,390,0.07,0.462,1.872,0.488,1.849,70.9,2.166,52.92,44.28,22.37,72.53731247,Exp1.csv,
1_051_B1_7_f,1.0,2,51,1,3,f,7,0.0,12,90.9,90.4,na,3,0.25,390,0.07,0.453,1.759,0.401,1.739,70.3,1.989,52.92,44.28,22.37,72.53731247,Exp1.csv,
1_051_B1_7_f,1.0,2,51,1,3,f,7,0.0,12,90.9,90.4,na,4,0.25,390,0.07,0.49,1.924,0.333,1.737,70.0,2.102,52.92,44.28,22.37,72.53731247,Exp1.csv,
1_051_B1_7_f,1.0,2,51,1,3,f,7,0.0,12,90.9,90.4,na,5,0.25,390,0.07,0.457,1.834,0.405,1.843,71.4,1.986,52.92,44.28,22.37,72.53731247,Exp1.csv,
1_051_B1_7_f,1.0,2,51,1,3,f,7,0.0,12,90.9,90.4,na,6,0.25,390,0.07,0.468,1.944,0.429,1.864,69.9,2.078,52.92,44.28,22.37,72.53731247,Exp1.csv,
1_051_B1_2_g,1.0,2,51,1,1,g,2,0.0,12,90.9,90.4,na,1,0.25,310,0.1,0.878,3.082,0.074,1.561,100.0,3.243,68.78,49.87,23.98,88.27652972,Exp1.csv,
1_051_B1_2_g,1.0,2,51,1,1,g,2,0.0,12,90.9,90.4,na,2,0.25,310,0.1,0.858,3.062,0.094,1.581,101.5,3.252,68.78,49.87,23.98,88.27652972,Exp1.csv,
1_051_B1_2_g,1.0,2,51,1,1,g,2,0.0,12,90.9,90.4,na,3,0.25,310,0.1,0.861,3.225,0.049,1.641,101.3,3.486,68.78,49.87,23.98,88.27652972,Exp1.csv,
1_051_B1_2_g,1.0,2,51,1,1,g,2,0.0,12,90.9,90.4,na,4,0.25,310,0.1,0.875,3.057,0.07,1.568,101.5,3.328,68.78,49.87,23.98,88.27652972,Exp1.csv,
1_051_B1_2_g,1.0,2,51,1,1,g,2,0.0,12,90.9,90.4,na,5,0.25,310,0.1,0.863,3.119,0.078,1.584,100.5,3.323,68.78,49.87,23.98,88.27652972,Exp1.csv,
1_051_B1_2_g,1.0,2,51,1,1,g,2,0.0,12,90.9,90.4,na,6,0.25,310,0.1,0.882,3.0,0.049,1.516,100.7,3.15,68.78,49.87,23.98,88.27652972,Exp1.csv,
1_051_B1_1_i,1.0,2,51,1,1,i,1,0.0,12,90.9,90.4,na,1,0.25,310,0.07,0.393,1.921,0.223,2.276,91.2,2.241,55.84,42.95,22.11,73.83535874,Exp1.csv,
1_051_B1_1_i,1.0,2,51,1,1,i,1,0.0,12,90.9,90.4,na,2,0.25,310,0.07,0.388,1.933,0.444,2.374,85.1,2.132,55.84,42.95,22.11,73.83535874,Exp1.csv,
1_051_B1_1_i,1.0,2,51,1,1,i,1,0.0,12,90.9,90.4,na,3,0.25,310,0.07,0.378,1.77,0.168,2.085,76.2,2.083,55.84,42.95,22.11,73.83535874,Exp1.csv,
1_051_B1_1_i,1.0,2,51,1,1,i,1,0.0,12,90.9,90.4,na,4,0.25,310,0.07,0.39,1.808,0.066,2.031,68.7,2.073,55.84,42.95,22.11,73.83535874,Exp1.csv,
1_051_B1_1_i,1.0,2,51,1,1,i,1,0.0,12,90.9,90.4,na,5,0.25,310,0.07,0.402,1.88,0.173,2.002,69.2,2.266,55.84,42.95,22.11,73.83535874,Exp1.csv,
1_051_B1_1_i,1.0,2,51,1,1,i,1,0.0,12,90.9,90.4,na,6,0.25,310,0.07,0.397,1.944,0.133,2.223,84.0,2.259,55.84,42.95,22.11,73.83535874,Exp1.csv,
1_061_B2_11_a,1.0,2,61,2,4,a,11,0.0,12,90.4,89.4,na,1,0.5,310,0.1,0.944,3.647,0.578,2.032,100.2,3.912,139.5,69.35,73.61,172.3023639,Exp1.csv,
1_061_B2_11_a,1.0,2,61,2,4,a,11,0.0,12,90.4,89.4,na,2,0.5,310,0.1,0.894,3.51,0.683,2.171,101.5,3.643,139.5,69.35,73.61,172.3023639,Exp1.csv,
1_061_B2_11_a,1.0,2,61,2,4,a,11,0.0,12,90.4,89.4,na,3,0.5,310,0.1,0.888,3.449,0.678,2.143,100.9,3.527,139.5,69.35,73.61,172.3023639,Exp1.csv,
1_061_B2_11_a,1.0,2,61,2,4,a,11,0.0,12,90.4,89.4,na,4,0.5,310,0.1,0.896,3.582,0.687,2.162,100.5,3.795,139.5,69.35,73.61,172.3023639,Exp1.csv,
1_061_B2_11_a,1.0,2,61,2,4,a,11,0.0,12,90.4,89.4,na,5,0.5,310,0.1,0.91,3.393,0.743,2.127,101.0,3.597,139.5,69.35,73.61,172.3023639,Exp1.csv,
1_061_B2_11_a,1.0,2,61,2,4,a,11,0.0,12,90.4,89.4,na,6,0.5,310,0.1,0.91,3.393,0.743,2.127,101.0,3.597,139.5,69.35,73.61,172.3023639,Exp1.csv,
1_061_B2_10_c,1.0,2,61,2,4,c,10,0.0,12,90.4,89.4,na,1,0.5,310,0.07,0.456,2.082,0.236,2.084,69.2,2.155,109.1,57.9,63.82,139.0259415,Exp1.csv,
1_061_B2_10_c,1.0,2,61,2,4,c,10,0.0,12,90.4,89.4,na,2,0.5,310,0.07,0.453,2.134,0.169,2.066,67.9,2.235,109.1,57.9,63.82,139.0259415,Exp1.csv,
1_061_B2_10_c,1.0,2,61,2,4,c,10,0.0,12,90.4,89.4,na,3,0.5,310,0.07,0.452,2.014,0.208,2.001,71.6,2.109,109.1,57.9,63.82,139.0259415,Exp1.csv,
1_061_B2_10_c,1.0,2,61,2,4,c,10,0.0,12,90.4,89.4,na,4,0.5,310,0.07,0.451,1.952,0.227,1.949,70.4,2.015,109.1,57.9,63.82,139.0259415,Exp1.csv,
1_061_B2_10_c,1.0,2,61,2,4,c,10,0.0,12,90.4,89.4,na,5,0.5,310,0.07,0.442,2.116,0.144,2.115,68.8,2.26,109.1,57.9,63.82,139.0259415,Exp1.csv,
1_061_B2_10_c,1.0,2,61,2,4,c,10,0.0,12,90.4,89.4,na,6,0.5,310,0.07,0.445,1.979,0.168,2.003,69.4,2.118,109.1,57.9,63.82,139.0259415,Exp1.csv,
1_061_B2_14_e,1.0,2,61,2,5,e,14,0.0,12,90.4,89.4,na,1,0.5,350,0.1,0.653,2.874,0.31,2.05,101.1,3.059,143.5,69.57,71.62,174.8189329,Exp1.csv,
1_061_B2_14_e,1.0,2,61,2,5,e,14,0.0,12,90.4,89.4,na,2,0.5,350,0.1,0.625,2.743,0.41,2.119,102.1,3.019,143.5,69.57,71.62,174.8189329,Exp1.csv,
1_061_B2_14_e,1.0,2,61,2,5,e,14,0.0,12,90.4,89.4,na,3,0.5,350,0.1,0.616,2.657,0.47,2.104,100.6,2.921,143.5,69.57,71.62,174.8189329,Exp1.csv,
1_061_B2_14_e,1.0,2,61,2,5,e,14,0.0,12,90.4,89.4,na,4,0.5,350,0.1,0.605,2.606,0.438,2.077,100.1,2.728,143.5,69.57,71.62,174.8189329,Exp1.csv,
1_061_B2_14_e,1.0,2,61,2,5,e,14,0.0,12,90.4,89.4,na,5,0.5,350,0.1,0.622,2.747,0.338,2.103,99.1,2.84,143.5,69.57,71.62,174.8189329,Exp1.csv,
1_061_B2_14_e,1.0,2,61,2,5,e,14,0.0,12,90.4,89.4,na,6,0.5,350,0.1,0.622,2.708,0.456,2.11,101.1,2.808,143.5,69.57,71.62,174.8189329,Exp1.csv,
1_061_B2_13_f,1.0,2,61,2,5,f,13,0.0,12,90.4,89.4,na,1,0.5,350,0.07,0.369,1.575,-0.035,1.787,70.0,1.736,112.4,57.46,63.16,141.1545153,Exp1.csv,
1_061_B2_13_f,1.0,2,61,2,5,f,13,0.0,12,90.4,89.4,na,2,0.5,350,0.07,0.407,1.724,0.011,1.758,69.9,1.917,112.4,57.46,63.16,141.1545153,Exp1.csv,
1_061_B2_13_f,1.0,2,61,2,5,f,13,0.0,12,90.4,89.4,na,3,0.5,350,0.07,0.403,1.675,-0.064,1.728,71.2,1.787,112.4,57.46,63.16,141.1545153,Exp1.csv,
1_061_B2_13_f,1.0,2,61,2,5,f,13,0.0,12,90.4,89.4,na,4,0.5,350,0.07,0.404,1.531,-0.112,1.615,70.9,1.612,112.4,57.46,63.16,141.1545153,Exp1.csv,
1_061_B2_13_f,1.0,2,61,2,5,f,13,0.0,12,90.4,89.4,na,5,0.5,350,0.07,0.403,1.663,-0.017,1.723,70.4,1.798,112.4,57.46,63.16,141.1545153,Exp1.csv,
1_061_B2_13_f,1.0,2,61,2,5,f,13,0.0,12,90.4,89.4,na,6,0.5,350,0.07,0.362,1.54,0.058,1.79,70.0,1.674,112.4,57.46,63.16,141.1545153,Exp1.csv,
1_061_B2_16_g,1.0,2,61,2,6,g,16,0.0,12,90.4,89.4,na,1,0.5,390,0.07,0.255,1.171,-0.196,1.984,48.7,1.314,116.2,58.82,65.47,145.7688351,Exp1.csv,
1_061_B2_16_g,1.0,2,61,2,6,g,16,0.0,12,90.4,89.4,na,2,0.5,390,0.07,0.258,1.111,-0.256,1.916,52.3,1.214,116.2,58.82,65.47,145.7688351,Exp1.csv,
1_061_B2_16_g,1.0,2,61,2,6,g,16,0.0,12,90.4,89.4,na,3,0.5,390,0.07,0.267,1.209,-0.165,1.952,49.4,1.285,116.2,58.82,65.47,145.7688351,Exp1.csv,
1_061_B2_16_g,1.0,2,61,2,6,g,16,0.0,12,90.4,89.4,na,4,0.5,390,0.07,0.295,1.431,-0.074,2.183,52.4,1.736,116.2,58.82,65.47,145.7688351,Exp1.csv,
1_061_B2_16_g,1.0,2,61,2,6,g,16,0.0,12,90.4,89.4,na,5,0.5,390,0.07,0.288,1.24,-0.229,1.898,56.4,1.318,116.2,58.82,65.47,145.7688351,Exp1.csv,
1_061_B2_16_g,1.0,2,61,2,6,g,16,0.0,12,90.4,89.4,na,6,0.5,390,0.07,0.275,1.229,-0.083,2.061,47.5,1.405,116.2,58.82,65.47,145.7688351,Exp1.csv,
1_061_B2_17_h,1.0,2,61,2,6,h,17,0.0,12,90.4,89.4,na,1,0.5,390,0.1,0.413,2.04,-0.025,2.268,78.8,2.272,144.9,69.67,69.12,175.0071236,Exp1.csv,
1_061_B2_17_h,1.0,2,61,2,6,h,17,0.0,12,90.4,89.4,na,2,0.5,390,0.1,0.396,1.974,0.233,2.399,60.0,2.086,144.9,69.67,69.12,175.0071236,Exp1.csv,
1_061_B2_17_h,1.0,2,61,2,6,h,17,0.0,12,90.4,89.4,na,3,0.5,390,0.1,0.389,1.962,0.185,2.329,73.7,2.074,144.9,69.67,69.12,175.0071236,Exp1.csv,
1_061_B2_17_h,1.0,2,61,2,6,h,17,0.0,12,90.4,89.4,na,4,0.5,390,0.1,0.367,1.901,0.245,2.39,87.3,1.981,144.9,69.67,69.12,175.0071236,Exp1.csv,
1_061_B2_17_h,1.0,2,61,2,6,h,17,0.0,12,90.4,89.4,na,5,0.5,390,0.1,0.406,2.006,0.001,2.307,67.3,2.187,144.9,69.67,69.12,175.0071236,Exp1.csv,
1_061_B2_17_h,1.0,2,61,2,6,h,17,0.0,12,90.4,89.4,na,6,0.5,390,0.1,0.418,1.986,-0.044,2.184,71.4,2.176,144.9,69.67,69.12,175.0071236,Exp1.csv,
1_071_B3_20_a,1.0,2,71,3,7,a,20,0.0,12,89.4,87.8,na,1,0.8,310,0.1,1.014,4.001,0.127,1.753,100.8,4.233,224.2,77.48,227.5,328.6716301,Exp1.csv,
1_071_B3_20_a,1.0,2,71,3,7,a,20,0.0,12,89.4,87.8,na,2,0.8,310,0.1,0.974,4.021,0.222,1.839,100.8,4.329,224.2,77.48,227.5,328.6716301,Exp1.csv,
1_071_B3_20_a,1.0,2,71,3,7,a,20,0.0,12,89.4,87.8,na,3,0.8,310,0.1,0.977,3.929,0.306,1.87,98.7,4.285,224.2,77.48,227.5,328.6716301,Exp1.csv,
1_071_B3_20_a,1.0,2,71,3,7,a,20,0.0,12,89.4,87.8,na,4,0.8,310,0.1,0.966,3.764,0.304,1.805,101.4,4.006,224.2,77.48,227.5,328.6716301,Exp1.csv,
1_071_B3_20_a,1.0,2,71,3,7,a,20,0.0,12,89.4,87.8,na,5,0.8,310,0.1,0.929,3.799,0.255,1.862,99.0,4.106,224.2,77.48,227.5,328.6716301,Exp1.csv,
1_071_B3_20_a,1.0,2,71,3,7,a,20,0.0,12,89.4,87.8,na,6,0.8,310,0.1,0.918,3.775,0.302,1.915,100.6,4.276,224.2,77.48,227.5,328.6716301,Exp1.csv,
1_071_B3_19_b,1.0,2,71,3,7,b,19,0.0,12,89.4,87.8,na,1,0.8,310,0.07,0.653,2.546,0.124,1.699,69.0,2.616,165.7,62.01,122.1,214.9654393,Exp1.csv,
1_071_B3_19_b,1.0,2,71,3,7,b,19,0.0,12,89.4,87.8,na,2,0.8,310,0.07,0.603,2.315,0.236,1.742,70.9,2.458,165.7,62.01,122.1,214.9654393,Exp1.csv,
1_071_B3_19_b,1.0,2,71,3,7,b,19,0.0,12,89.4,87.8,na,3,0.8,310,0.07,0.615,2.371,0.121,1.704,71.1,2.614,165.7,62.01,122.1,214.9654393,Exp1.csv,
1_071_B3_19_b,1.0,2,71,3,7,b,19,0.0,12,89.4,87.8,na,4,0.8,310,0.07,0.607,2.271,0.106,1.64,70.3,2.351,165.7,62.01,122.1,214.9654393,Exp1.csv,
1_071_B3_19_b,1.0,2,71,3,7,b,19,0.0,12,89.4,87.8,na,5,0.8,310,0.07,0.681,2.584,0.163,1.665,69.9,2.826,165.7,62.01,122.1,214.9654393,Exp1.csv,
1_071_B3_19_b,1.0,2,71,3,7,b,19,0.0,12,89.4,87.8,na,6,0.8,310,0.07,0.753,2.911,0.373,1.828,70.0,3.03,165.7,62.01,122.1,214.9654393,Exp1.csv,
1_071_B3_22_d,1.0,2,71,3,8,d,22,0.0,12,89.4,87.8,na,1,0.8,350,0.07,0.569,2.24,0.139,1.687,70.4,2.419,172.4,59.8,126.3,221.9222612,Exp1.csv,
1_071_B3_22_d,1.0,2,71,3,8,d,22,0.0,12,89.4,87.8,na,2,0.8,350,0.07,0.581,2.296,0.051,1.693,70.4,2.427,172.4,59.8,126.3,221.9222612,Exp1.csv,
1_071_B3_22_d,1.0,2,71,3,8,d,22,0.0,12,89.4,87.8,na,3,0.8,350,0.07,0.584,2.256,0.083,1.637,70.9,2.434,172.4,59.8,126.3,221.9222612,Exp1.csv,
1_071_B3_22_d,1.0,2,71,3,8,d,22,0.0,12,89.4,87.8,na,4,0.8,350,0.07,0.579,2.318,0.056,1.694,71.1,2.464,172.4,59.8,126.3,221.9222612,Exp1.csv,
1_071_B3_22_d,1.0,2,71,3,8,d,22,0.0,12,89.4,87.8,na,5,0.8,350,0.07,0.566,2.187,0.078,1.65,70.8,2.478,172.4,59.8,126.3,221.9222612,Exp1.csv,
1_071_B3_22_d,1.0,2,71,3,8,d,22,0.0,12,89.4,87.8,na,6,0.8,350,0.07,0.539,2.245,0.148,1.75,70.6,2.389,172.4,59.8,126.3,221.9222612,Exp1.csv,
1_071_B3_23_f,1.0,2,71,3,8,f,23,0.0,12,89.4,87.8,na,1,0.8,350,0.1,0.685,2.701,-0.122,1.73,101.1,2.872,231.4,78.87,224.3,331.7784304,Exp1.csv,
1_071_B3_23_f,1.0,2,71,3,8,f,23,0.0,12,89.4,87.8,na,2,0.8,350,0.1,0.644,2.576,-0.055,1.728,101.6,2.847,231.4,78.87,224.3,331.7784304,Exp1.csv,
1_071_B3_23_f,1.0,2,71,3,8,f,23,0.0,12,89.4,87.8,na,3,0.8,350,0.1,0.692,2.674,-0.058,1.697,100.9,2.827,231.4,78.87,224.3,331.7784304,Exp1.csv,
1_071_B3_23_f,1.0,2,71,3,8,f,23,0.0,12,89.4,87.8,na,4,0.8,350,0.1,0.66,2.606,-0.062,1.738,101.3,2.703,231.4,78.87,224.3,331.7784304,Exp1.csv,
1_071_B3_23_f,1.0,2,71,3,8,f,23,0.0,12,89.4,87.8,na,5,0.8,350,0.1,0.698,2.76,-0.012,1.72,102.0,2.948,231.4,78.87,224.3,331.7784304,Exp1.csv,
1_071_B3_23_f,1.0,2,71,3,8,f,23,0.0,12,89.4,87.8,na,6,0.8,350,0.1,0.698,2.677,-0.081,1.708,101.4,2.809,231.4,78.87,224.3,331.7784304,Exp1.csv,
1_071_B3_25_g,1.0,2,71,3,9,g,25,0.0,12,89.4,87.8,na,1,0.8,390,0.07,0.489,2.194,0.262,2.071,71.7,2.582,175.1,62.81,125.2,224.2323485,Exp1.csv,
1_071_B3_25_g,1.0,2,71,3,9,g,25,0.0,12,89.4,87.8,na,2,0.8,390,0.07,0.465,2.085,0.214,2.044,69.9,2.348,175.1,62.81,125.2,224.2323485,Exp1.csv,
1_071_B3_25_g,1.0,2,71,3,9,g,25,0.0,12,89.4,87.8,na,3,0.8,390,0.07,0.484,2.237,0.343,2.202,70.4,2.492,175.1,62.81,125.2,224.2323485,Exp1.csv,
1_071_B3_25_g,1.0,2,71,3,9,g,25,0.0,12,89.4,87.8,na,4,0.8,390,0.07,0.489,2.19,0.215,2.034,70.8,2.332,175.1,62.81,125.2,224.2323485,Exp1.csv,
1_071_B3_25_g,1.0,2,71,3,9,g,25,0.0,12,89.4,87.8,na,5,0.8,390,0.07,0.439,1.958,0.21,2.001,71.3,2.107,175.1,62.81,125.2,224.2323485,Exp1.csv,
1_071_B3_25_g,1.0,2,71,3,9,g,25,0.0,12,89.4,87.8,na,6,0.8,390,0.07,0.439,2.005,0.255,2.066,70.5,2.278,175.1,62.81,125.2,224.2323485,Exp1.csv,
1_071_B3_26_i,1.0,2,71,3,9,i,26,0.0,12,89.4,87.8,na,1,0.8,390,0.1,0.538,2.328,-0.013,1.92,79.0,2.546,236.9,77.17,223.4,334.6406713,Exp1.csv,
1_071_B3_26_i,1.0,2,71,3,9,i,26,0.0,12,89.4,87.8,na,2,0.8,390,0.1,0.597,2.429,-0.162,1.813,100.7,2.742,236.9,77.17,223.4,334.6406713,Exp1.csv,
1_071_B3_26_i,1.0,2,71,3,9,i,26,0.0,12,89.4,87.8,na,3,0.8,390,0.1,0.61,2.31,-0.176,1.711,101.8,2.436,236.9,77.17,223.4,334.6406713,Exp1.csv,
1_071_B3_26_i,1.0,2,71,3,9,i,26,0.0,12,89.4,87.8,na,4,0.8,390,0.1,0.569,2.251,-0.275,1.754,101.5,2.424,236.9,77.17,223.4,334.6406713,Exp1.csv,
1_071_B3_26_i,1.0,2,71,3,9,i,26,0.0,12,89.4,87.8,na,5,0.8,390,0.1,0.592,2.384,-0.127,1.791,102.2,2.638,236.9,77.17,223.4,334.6406713,Exp1.csv,
1_071_B3_26_i,1.0,2,71,3,9,i,26,0.0,12,89.4,87.8,na,6,0.8,390,0.1,0.579,2.361,-0.223,1.759,102.2,2.467,236.9,77.17,223.4,334.6406713,Exp1.csv,
2_043_L1_2_b,2.0,1,43,1,na,b,2,0.0,12,87.1,86.6,na,1,0.25,350,0.09,0.441,2.136,0.985,3.052,91.4,2.537,63.37,52.39,27.34,86.64839641,Exp2.csv,
2_043_L1_2_b,2.0,1,43,1,na,b,2,0.0,12,87.1,86.6,na,2,0.25,350,0.09,0.319,1.679,0.878,3.145,90.4,1.913,63.37,52.39,27.34,86.64839641,Exp2.csv,
2_043_L1_2_b,2.0,1,43,1,na,b,2,0.0,12,87.1,86.6,na,3,0.25,350,0.09,0.377,1.905,0.893,3.053,93.8,2.05,63.37,52.39,27.34,86.64839641,Exp2.csv,
2_043_L1_2_b,2.0,1,43,1,na,b,2,0.0,12,87.1,86.6,na,4,0.25,350,0.09,0.331,1.743,1.077,3.437,85.8,1.883,63.37,52.39,27.34,86.64839641,Exp2.csv,
2_043_L1_2_b,2.0,1,43,1,na,b,2,0.0,12,87.1,86.6,na,5,0.25,350,0.09,0.333,1.782,1.156,3.574,88.3,1.852,63.37,52.39,27.34,86.64839641,Exp2.csv,
2_043_L1_2_b,2.0,1,43,1,na,b,2,0.0,12,87.1,86.6,na,6,0.25,350,0.09,0.37,1.908,0.918,3.109,89.8,1.989,63.37,52.39,27.34,86.64839641,Exp2.csv,
2_043_L1_1_e,2.0,1,43,1,na,e,1,0.0,12,87.1,86.6,na,1,0.25,350,0.07,0.236,1.083,0.447,2.035,70.5,1.148,51.5,45.96,25.9,73.72504052,Exp2.csv,
2_043_L1_1_e,2.0,1,43,1,na,e,1,0.0,12,87.1,86.6,na,2,0.25,350,0.07,0.234,1.013,0.431,1.915,72.1,1.116,51.5,45.96,25.9,73.72504052,Exp2.csv,
2_043_L1_1_e,2.0,1,43,1,na,e,1,0.0,12,87.1,86.6,na,3,0.25,350,0.07,0.236,1.02,0.47,1.938,70.9,1.176,51.5,45.96,25.9,73.72504052,Exp2.csv,
2_043_L1_1_e,2.0,1,43,1,na,e,1,0.0,12,87.1,86.6,na,4,0.25,350,0.07,0.273,1.181,0.306,1.882,70.2,1.312,51.5,45.96,25.9,73.72504052,Exp2.csv,
2_043_L1_1_e,2.0,1,43,1,na,e,1,0.0,12,87.1,86.6,na,5,0.25,350,0.07,0.238,1.002,0.472,1.881,70.2,1.099,51.5,45.96,25.9,73.72504052,Exp2.csv,
2_043_L1_1_e,2.0,1,43,1,na,e,1,0.0,12,87.1,86.6,na,6,0.25,350,0.07,0.237,0.972,0.421,1.789,70.3,1.1,51.5,45.96,25.9,73.72504052,Exp2.csv,
2_043_L1_2_f,2.0,2,43,1,na,f,2,0.0,12,87.1,86.6,na,1,0.25,350,0.09,0.38,1.739,0.522,2.16,81.9,1.912,63.52,49.88,25.1,84.57431525,Exp2.csv,
2_043_L1_2_f,2.0,2,43,1,na,f,2,0.0,12,87.1,86.6,na,2,0.25,350,0.09,0.313,1.423,0.382,1.993,76.9,1.52,63.52,49.88,25.1,84.57431525,Exp2.csv,
2_043_L1_2_f,2.0,2,43,1,na,f,2,0.0,12,87.1,86.6,na,3,0.25,350,0.09,0.312,1.398,0.265,1.931,78.6,1.503,63.52,49.88,25.1,84.57431525,Exp2.csv,
2_043_L1_2_f,2.0,2,43,1,na,f,2,0.0,12,87.1,86.6,na,4,0.25,350,0.09,0.302,1.265,0.08,1.801,85.0,1.431,63.52,49.88,25.1,84.57431525,Exp2.csv,
2_043_L1_2_f,2.0,2,43,1,na,f,2,0.0,12,87.1,86.6,na,5,0.25,350,0.09,0.32,1.34,0.169,1.794,76.6,1.478,63.52,49.88,25.1,84.57431525,Exp2.csv,
2_043_L1_2_f,2.0,2,43,1,na,f,2,0.0,12,87.1,86.6,na,6,0.25,350,0.09,0.322,1.361,0.186,1.844,82.5,1.47,63.52,49.88,25.1,84.57431525,Exp2.csv,
2_043_L1_1_g,2.0,2,43,1,na,g,1,0.0,12,87.1,86.6,na,1,0.25,350,0.07,0.143,0.778,0.521,2.543,31.4,0.931,55.29,44.64,24.17,75.0593272,Exp2.csv,
2_043_L1_1_g,2.0,2,43,1,na,g,1,0.0,12,87.1,86.6,na,2,0.25,350,0.07,0.147,0.706,0.289,2.186,36.2,0.84,55.29,44.64,24.17,75.0593272,Exp2.csv,
2_043_L1_1_g,2.0,2,43,1,na,g,1,0.0,12,87.1,86.6,na,3,0.25,350,0.07,0.142,0.74,0.073,2.368,32.3,0.89,55.29,44.64,24.17,75.0593272,Exp2.csv,
2_043_L1_1_g,2.0,2,43,1,na,g,1,0.0,12,87.1,86.6,na,4,0.25,350,0.07,0.166,0.839,0.237,2.279,39.8,0.992,55.29,44.64,24.17,75.0593272,Exp2.csv,
2_043_L1_1_g,2.0,2,43,1,na,g,1,0.0,12,87.1,86.6,na,5,0.25,350,0.07,0.159,0.831,0.271,2.33,35.3,0.902,55.29,44.64,24.17,75.0593272,Exp2.csv,
2_043_L1_1_g,2.0,2,43,1,na,g,1,0.0,12,87.1,86.6,na,6,0.25,350,0.07,0.155,0.816,0.209,2.407,35.7,0.975,55.29,44.64,24.17,75.0593272,Exp2.csv,
2_053_L1_6_c,2.0,1,53,2,na,c,6,0.0,12,86.6,85.6,na,1,0.5,350,0.09,0.954,3.805,0.651,2.164,90.5,4.047,125.1,65.95,67.73,156.8016754,Exp2.csv,
2_053_L1_6_c,2.0,1,53,2,na,c,6,0.0,12,86.6,85.6,na,2,0.5,350,0.09,0.844,3.404,0.622,2.167,90.2,3.76,125.1,65.95,67.73,156.8016754,Exp2.csv,
2_053_L1_6_c,2.0,1,53,2,na,c,6,0.0,12,86.6,85.6,na,3,0.5,350,0.09,0.793,3.407,0.817,2.511,89.3,3.618,125.1,65.95,67.73,156.8016754,Exp2.csv,
2_053_L1_6_c,2.0,1,53,2,na,c,6,0.0,12,86.6,85.6,na,4,0.5,350,0.09,0.793,3.293,0.726,2.316,90.2,3.539,125.1,65.95,67.73,156.8016754,Exp2.csv,
2_053_L1_6_c,2.0,1,53,2,na,c,6,0.0,12,86.6,85.6,na,5,0.5,350,0.09,0.76,3.258,0.802,2.489,91.8,3.487,125.1,65.95,67.73,156.8016754,Exp2.csv,
2_053_L1_6_c,2.0,1,53,2,na,c,6,0.0,12,86.6,85.6,na,6,0.5,350,0.09,0.937,3.715,0.638,2.147,90.2,3.837,125.1,65.95,67.73,156.8016754,Exp2.csv,
2_053_L1_5_e,2.0,1,53,2,na,e,5,0.0,12,86.6,85.6,na,1,0.5,350,0.07,0.486,2.168,0.638,2.311,69.4,2.307,104.3,55.74,60.61,132.8872067,Exp2.csv,
2_053_L1_5_e,2.0,1,53,2,na,e,5,0.0,12,86.6,85.6,na,2,0.5,350,0.07,0.435,1.866,0.485,2.046,71.0,2.052,104.3,55.74,60.61,132.8872067,Exp2.csv,
2_053_L1_5_e,2.0,1,53,2,na,e,5,0.0,12,86.6,85.6,na,3,0.5,350,0.07,0.463,2.094,0.478,2.153,71.0,2.29,104.3,55.74,60.61,132.8872067,Exp2.csv,
2_053_L1_5_e,2.0,1,53,2,na,e,5,0.0,12,86.6,85.6,na,4,0.5,350,0.07,0.464,2.021,0.459,2.021,70.9,2.204,104.3,55.74,60.61,132.8872067,Exp2.csv,
2_053_L1_5_e,2.0,1,53,2,na,e,5,0.0,12,86.6,85.6,na,5,0.5,350,0.07,0.463,2.082,0.56,2.218,70.9,2.182,104.3,55.74,60.61,132.8872067,Exp2.csv,
2_053_L1_5_e,2.0,1,53,2,na,e,5,0.0,12,86.6,85.6,na,6,0.5,350,0.07,0.456,2.063,0.517,2.132,71.1,2.184,104.3,55.74,60.61,132.8872067,Exp2.csv,
2_053_L1_6_f,2.0,2,53,2,na,f,6,0.0,12,86.6,85.6,na,1,0.5,350,0.09,0.62,2.664,0.45,2.028,89.6,2.814,128.2,64.97,65.88,158.102863,Exp2.csv,
2_053_L1_6_f,2.0,2,53,2,na,f,6,0.0,12,86.6,85.6,na,2,0.5,350,0.09,0.62,2.656,0.505,2.08,90.3,2.758,128.2,64.97,65.88,158.102863,Exp2.csv,
2_053_L1_6_f,2.0,2,53,2,na,f,6,0.0,12,86.6,85.6,na,3,0.5,350,0.09,0.612,2.579,0.469,2.022,91.4,2.682,128.2,64.97,65.88,158.102863,Exp2.csv,
2_053_L1_6_f,2.0,2,53,2,na,f,6,0.0,12,86.6,85.6,na,4,0.5,350,0.09,0.693,2.739,0.43,1.877,91.1,2.969,128.2,64.97,65.88,158.102863,Exp2.csv,
2_053_L1_6_f,2.0,2,53,2,na,f,6,0.0,12,86.6,85.6,na,5,0.5,350,0.09,0.613,2.637,0.472,2.056,90.2,2.936,128.2,64.97,65.88,158.102863,Exp2.csv,
2_053_L1_6_f,2.0,2,53,2,na,f,6,0.0,12,86.6,85.6,na,6,0.5,350,0.09,0.609,2.648,0.464,2.053,89.7,2.803,128.2,64.97,65.88,158.102863,Exp2.csv,
2_053_L1_5_h,2.0,2,53,2,na,h,5,0.0,12,86.6,85.6,na,1,0.5,350,0.07,0.358,1.593,0.373,2.038,68.6,1.975,111.5,55.01,62.36,139.093924,Exp2.csv,
2_053_L1_5_h,2.0,2,53,2,na,h,5,0.0,12,86.6,85.6,na,2,0.5,350,0.07,0.349,1.485,0.311,1.866,70.6,1.629,111.5,55.01,62.36,139.093924,Exp2.csv,
2_053_L1_5_h,2.0,2,53,2,na,h,5,0.0,12,86.6,85.6,na,3,0.5,350,0.07,0.351,1.505,0.188,1.879,71.0,1.794,111.5,55.01,62.36,139.093924,Exp2.csv,
2_053_L1_5_h,2.0,2,53,2,na,h,5,0.0,12,86.6,85.6,na,4,0.5,350,0.07,0.347,1.433,0.343,1.826,71.0,1.551,111.5,55.01,62.36,139.093924,Exp2.csv,
2_053_L1_5_h,2.0,2,53,2,na,h,5,0.0,12,86.6,85.6,na,5,0.5,350,0.07,0.327,1.497,0.248,2.02,72.2,1.706,111.5,55.01,62.36,139.093924,Exp2.csv,
2_053_L1_5_h,2.0,2,53,2,na,h,5,0.0,12,86.6,85.6,na,6,0.5,350,0.07,0.346,1.403,0.242,1.775,71.1,1.49,111.5,55.01,62.36,139.093924,Exp2.csv,
2_033_L3_9_c,2.0,1,33,3,na,c,9,0.1,12,85.6,85.1,na,1,0.25,350,0.07,0.535,2.101,0.302,1.793,69.1,2.175,74.01,81.01,39.07,116.4755987,Exp2.csv,
2_033_L3_9_c,2.0,1,33,3,na,c,9,0.1,12,85.6,85.1,na,2,0.25,350,0.07,0.556,2.228,0.212,1.785,69.8,2.456,74.01,81.01,39.07,116.4755987,Exp2.csv,
2_033_L3_9_c,2.0,1,33,3,na,c,9,0.1,12,85.6,85.1,na,3,0.25,350,0.07,0.54,2.165,0.247,1.801,69.4,2.545,74.01,81.01,39.07,116.4755987,Exp2.csv,
2_033_L3_9_c,2.0,1,33,3,na,c,9,0.1,12,85.6,85.1,na,4,0.25,350,0.07,0.444,2.002,0.157,1.926,69.7,2.248,74.01,81.01,39.07,116.4755987,Exp2.csv,
2_033_L3_9_c,2.0,1,33,3,na,c,9,0.1,12,85.6,85.1,na,5,0.25,350,0.07,0.455,1.807,0.32,1.822,71.0,1.947,74.01,81.01,39.07,116.4755987,Exp2.csv,
2_033_L3_9_c,2.0,1,33,3,na,c,9,0.1,12,85.6,85.1,na,6,0.25,350,0.07,0.421,1.795,0.228,1.877,69.6,2.046,74.01,81.01,39.07,116.4755987,Exp2.csv,
2_033_L3_10_f,2.0,1,33,3,na,f,10,0.1,12,85.6,85.1,na,1,0.25,350,0.09,0.384,1.704,0.115,1.965,47.9,1.892,84.33,83.26,39.29,124.8498322,Exp2.csv,
2_033_L3_10_f,2.0,1,33,3,na,f,10,0.1,12,85.6,85.1,na,2,0.25,350,0.09,0.397,1.736,0.088,1.942,49.8,1.877,84.33,83.26,39.29,124.8498322,Exp2.csv,
2_033_L3_10_f,2.0,1,33,3,na,f,10,0.1,12,85.6,85.1,na,3,0.25,350,0.09,0.402,1.752,0.102,1.983,54.0,2.014,84.33,83.26,39.29,124.8498322,Exp2.csv,
2_033_L3_10_f,2.0,1,33,3,na,f,10,0.1,12,85.6,85.1,na,4,0.25,350,0.09,0.471,1.935,0.397,1.945,35.9,2.083,84.33,83.26,39.29,124.8498322,Exp2.csv,
2_033_L3_10_f,2.0,1,33,3,na,f,10,0.1,12,85.6,85.1,na,5,0.25,350,0.09,0.407,1.821,0.067,2.001,53.1,2.084,84.33,83.26,39.29,124.8498322,Exp2.csv,
2_033_L3_10_f,2.0,1,33,3,na,f,10,0.1,12,85.6,85.1,na,6,0.25,350,0.09,0.394,1.636,0.115,1.908,63.1,1.805,84.33,83.26,39.29,124.8498322,Exp2.csv,
2_033_L3_9_g,2.0,2,33,3,na,g,9,0.1,12,85.6,85.1,na,1,0.25,350,0.07,0.472,1.909,0.42,1.918,36.6,2.001,70.45,72.78,38.13,108.2313624,Exp2.csv,
2_033_L3_9_g,2.0,2,33,3,na,g,9,0.1,12,85.6,85.1,na,2,0.25,350,0.07,0.476,2.05,0.311,1.963,39.0,2.375,70.45,72.78,38.13,108.2313624,Exp2.csv,
2_033_L3_9_g,2.0,2,33,3,na,g,9,0.1,12,85.6,85.1,na,3,0.25,350,0.07,0.466,2.018,0.453,2.065,37.3,2.239,70.45,72.78,38.13,108.2313624,Exp2.csv,
2_033_L3_9_g,2.0,2,33,3,na,g,9,0.1,12,85.6,85.1,na,4,0.25,350,0.07,0.475,1.951,0.422,1.978,36.4,2.187,70.45,72.78,38.13,108.2313624,Exp2.csv,
2_033_L3_9_g,2.0,2,33,3,na,g,9,0.1,12,85.6,85.1,na,5,0.25,350,0.07,0.479,1.962,0.317,1.911,36.1,2.096,70.45,72.78,38.13,108.2313624,Exp2.csv,
2_033_L3_9_g,2.0,2,33,3,na,g,9,0.1,12,85.6,85.1,na,6,0.25,350,0.07,0.476,1.991,0.355,1.958,38.2,2.093,70.45,72.78,38.13,108.2313624,Exp2.csv,
2_033_L3_10_h,2.0,2,33,3,na,h,10,0.1,12,85.6,85.1,na,1,0.25,350,0.09,0.445,1.996,0.012,1.948,48.2,2.068,84.6,81.94,39.65,124.2716625,Exp2.csv,
2_033_L3_10_h,2.0,2,33,3,na,h,10,0.1,12,85.6,85.1,na,2,0.25,350,0.09,0.444,2.041,0.005,1.987,56.0,2.23,84.6,81.94,39.65,124.2716625,Exp2.csv,
2_033_L3_10_h,2.0,2,33,3,na,h,10,0.1,12,85.6,85.1,na,3,0.25,350,0.09,0.465,2.052,0.064,1.927,53.3,2.242,84.6,81.94,39.65,124.2716625,Exp2.csv,
2_033_L3_10_h,2.0,2,33,3,na,h,10,0.1,12,85.6,85.1,na,4,0.25,350,0.09,0.467,2.137,0.082,1.971,51.2,2.25,84.6,81.94,39.65,124.2716625,Exp2.csv,
2_033_L3_10_h,2.0,2,33,3,na,h,10,0.1,12,85.6,85.1,na,5,0.25,350,0.09,0.45,1.989,0.06,1.925,44.6,2.116,84.6,81.94,39.65,124.2716625,Exp2.csv,
2_033_L3_10_h,2.0,2,33,3,na,h,10,0.1,12,85.6,85.1,na,6,0.25,350,0.09,0.466,2.012,-0.027,1.884,54.2,2.126,84.6,81.94,39.65,124.2716625,Exp2.csv,
2_013_L4_14_a,2.0,1,13,4,na,a,14,0.1,12,85.1,84.1,na,1,0.5,350,0.09,0.802,3.256,0.15,1.852,86.0,3.689,145.1,110.1,88.58,202.5399625,Exp2.csv,
2_013_L4_14_a,2.0,1,13,4,na,a,14,0.1,12,85.1,84.1,na,2,0.5,350,0.09,0.742,2.924,0.064,1.709,89.7,3.393,145.1,110.1,88.58,202.5399625,Exp2.csv,
2_013_L4_14_a,2.0,1,13,4,na,a,14,0.1,12,85.1,84.1,na,3,0.5,350,0.09,0.682,2.918,0.241,1.983,90.3,3.155,145.1,110.1,88.58,202.5399625,Exp2.csv,
2_013_L4_14_a,2.0,1,13,4,na,a,14,0.1,12,85.1,84.1,na,4,0.5,350,0.09,0.653,2.719,0.25,1.869,84.2,3.042,145.1,110.1,88.58,202.5399625,Exp2.csv,
2_013_L4_14_a,2.0,1,13,4,na,a,14,0.1,12,85.1,84.1,na,5,0.5,350,0.09,0.648,2.557,0.148,1.733,89.8,2.796,145.1,110.1,88.58,202.5399625,Exp2.csv,
2_013_L4_14_a,2.0,1,13,4,na,a,14,0.1,12,85.1,84.1,na,6,0.5,350,0.09,0.705,2.884,0.203,1.875,90.0,3.206,145.1,110.1,88.58,202.5399625,Exp2.csv,
2_013_L4_13_b,2.0,1,13,4,na,b,13,0.1,12,85.1,84.1,na,1,0.5,350,0.07,0.58,2.142,0.132,1.68,71.9,2.452,117.9,89.53,75.31,166.0952347,Exp2.csv,
2_013_L4_13_b,2.0,1,13,4,na,b,13,0.1,12,85.1,84.1,na,2,0.5,350,0.07,0.547,2.126,0.138,1.709,69.3,2.324,117.9,89.53,75.31,166.0952347,Exp2.csv,
2_013_L4_13_b,2.0,1,13,4,na,b,13,0.1,12,85.1,84.1,na,3,0.5,350,0.07,0.612,2.232,0.182,1.65,70.4,2.305,117.9,89.53,75.31,166.0952347,Exp2.csv,
2_013_L4_13_b,2.0,1,13,4,na,b,13,0.1,12,85.1,84.1,na,4,0.5,350,0.07,0.697,2.565,0.073,1.614,69.4,2.659,117.9,89.53,75.31,166.0952347,Exp2.csv,
2_013_L4_13_b,2.0,1,13,4,na,b,13,0.1,12,85.1,84.1,na,5,0.5,350,0.07,0.645,2.249,0.055,1.508,70.9,2.455,117.9,89.53,75.31,166.0952347,Exp2.csv,
2_013_L4_13_b,2.0,1,13,4,na,b,13,0.1,12,85.1,84.1,na,6,0.5,350,0.07,0.527,2.056,0.189,1.73,71.1,2.243,117.9,89.53,75.31,166.0952347,Exp2.csv,
2_013_L4_13_f,2.0,2,13,4,na,f,13,0.1,12,85.1,84.1,na,1,0.5,350,0.07,0.625,2.313,0.138,1.574,70.6,2.529,114.3,79.79,73.01,157.3575362,Exp2.csv,
2_013_L4_13_f,2.0,2,13,4,na,f,13,0.1,12,85.1,84.1,na,2,0.5,350,0.07,0.604,2.193,0.068,1.585,70.5,2.379,114.3,79.79,73.01,157.3575362,Exp2.csv,
2_013_L4_13_f,2.0,2,13,4,na,f,13,0.1,12,85.1,84.1,na,3,0.5,350,0.07,0.619,2.206,0.135,1.571,70.5,2.34,114.3,79.79,73.01,157.3575362,Exp2.csv,
2_013_L4_13_f,2.0,2,13,4,na,f,13,0.1,12,85.1,84.1,na,4,0.5,350,0.07,0.616,2.269,0.16,1.62,71.0,2.451,114.3,79.79,73.01,157.3575362,Exp2.csv,
2_013_L4_13_f,2.0,2,13,4,na,f,13,0.1,12,85.1,84.1,na,5,0.5,350,0.07,0.605,2.192,0.108,1.574,70.5,2.265,114.3,79.79,73.01,157.3575362,Exp2.csv,
2_013_L4_13_f,2.0,2,13,4,na,f,13,0.1,12,85.1,84.1,na,6,0.5,350,0.07,0.651,2.336,0.133,1.554,69.8,2.582,114.3,79.79,73.01,157.3575362,Exp2.csv,
2_013_L4_14_g,2.0,2,13,4,na,g,14,0.1,12,85.1,84.1,na,1,0.5,350,0.09,0.672,2.26,-0.063,1.443,91.8,2.469,137.8,89.44,79.55,182.5282337,Exp2.csv,
2_013_L4_14_g,2.0,2,13,4,na,g,14,0.1,12,85.1,84.1,na,2,0.5,350,0.09,0.673,2.349,-0.101,1.491,89.7,2.538,137.8,89.44,79.55,182.5282337,Exp2.csv,
2_013_L4_14_g,2.0,2,13,4,na,g,14,0.1,12,85.1,84.1,na,3,0.5,350,0.09,0.667,2.303,-0.091,1.489,91.6,2.458,137.8,89.44,79.55,182.5282337,Exp2.csv,
2_013_L4_14_g,2.0,2,13,4,na,g,14,0.1,12,85.1,84.1,na,4,0.5,350,0.09,0.676,2.287,0.004,1.451,91.9,2.631,137.8,89.44,79.55,182.5282337,Exp2.csv,
2_013_L4_14_g,2.0,2,13,4,na,g,14,0.1,12,85.1,84.1,na,5,0.5,350,0.09,0.684,2.392,-0.087,1.489,87.8,2.525,137.8,89.44,79.55,182.5282337,Exp2.csv,
2_013_L4_14_g,2.0,2,13,4,na,g,14,0.1,12,85.1,84.1,na,6,0.5,350,0.09,0.672,2.256,0.032,1.448,90.6,2.381,137.8,89.44,79.55,182.5282337,Exp2.csv,
2_023_L5_17_a,2.0,1,23,5,na,a,17,0.3,12,84.1,83.6,na,1,0.25,350,0.07,0.46,2.193,0.99,2.762,69.6,2.451,95.69,201.9,101.2,245.2786703,Exp2.csv,
2_023_L5_17_a,2.0,1,23,5,na,a,17,0.3,12,84.1,83.6,na,2,0.25,350,0.07,0.509,2.523,0.721,2.657,70.0,2.761,95.69,201.9,101.2,245.2786703,Exp2.csv,
2_023_L5_17_a,2.0,1,23,5,na,a,17,0.3,12,84.1,83.6,na,3,0.25,350,0.07,0.434,2.065,0.978,2.774,71.3,2.533,95.69,201.9,101.2,245.2786703,Exp2.csv,
2_023_L5_17_a,2.0,1,23,5,na,a,17,0.3,12,84.1,83.6,na,4,0.25,350,0.07,0.524,2.586,1.033,2.97,71.7,3.088,95.69,201.9,101.2,245.2786703,Exp2.csv,
2_023_L5_17_a,2.0,1,23,5,na,a,17,0.3,12,84.1,83.6,na,5,0.25,350,0.07,0.539,2.507,0.848,2.649,69.5,2.901,95.69,201.9,101.2,245.2786703,Exp2.csv,
2_023_L5_17_a,2.0,1,23,5,na,a,17,0.3,12,84.1,83.6,na,6,0.25,350,0.07,0.573,2.574,0.792,2.459,68.9,2.923,95.69,201.9,101.2,245.2786703,Exp2.csv,
2_023_L5_18_b,2.0,1,23,5,na,b,18,0.3,12,84.1,83.6,na,1,0.25,350,0.09,0.65,3.566,0.405,2.637,89.5,3.849,107.0,193.4,93.72,240.074985,Exp2.csv,
2_023_L5_18_b,2.0,1,23,5,na,b,18,0.3,12,84.1,83.6,na,2,0.25,350,0.09,0.633,2.779,0.774,2.361,90.9,3.059,107.0,193.4,93.72,240.074985,Exp2.csv,
2_023_L5_18_b,2.0,1,23,5,na,b,18,0.3,12,84.1,83.6,na,3,0.25,350,0.09,0.68,3.629,0.619,2.772,89.5,3.913,107.0,193.4,93.72,240.074985,Exp2.csv,
2_023_L5_18_b,2.0,1,23,5,na,b,18,0.3,12,84.1,83.6,na,4,0.25,350,0.09,0.704,3.606,0.576,2.578,92.7,3.854,107.0,193.4,93.72,240.074985,Exp2.csv,
2_023_L5_18_b,2.0,1,23,5,na,b,18,0.3,12,84.1,83.6,na,5,0.25,350,0.09,0.634,2.858,0.7,2.316,88.2,3.169,107.0,193.4,93.72,240.074985,Exp2.csv,
2_023_L5_18_b,2.0,1,23,5,na,b,18,0.3,12,84.1,83.6,na,6,0.25,350,0.09,0.613,2.996,0.632,2.478,83.0,3.199,107.0,193.4,93.72,240.074985,Exp2.csv,
2_023_L5_17_c,2.0,2,23,5,na,c,17,0.3,12,84.1,83.6,na,1,0.25,350,0.07,0.522,2.876,0.79,3.033,69.9,3.306,94.42,190.1,93.19,231.8135512,Exp2.csv,
2_023_L5_17_c,2.0,2,23,5,na,c,17,0.3,12,84.1,83.6,na,2,0.25,350,0.07,0.617,3.102,0.484,2.487,71.6,3.619,94.42,190.1,93.19,231.8135512,Exp2.csv,
2_023_L5_17_c,2.0,2,23,5,na,c,17,0.3,12,84.1,83.6,na,3,0.25,350,0.07,0.65,3.184,0.481,2.329,69.8,3.422,94.42,190.1,93.19,231.8135512,Exp2.csv,
2_023_L5_17_c,2.0,2,23,5,na,c,17,0.3,12,84.1,83.6,na,4,0.25,350,0.07,0.647,3.342,0.499,2.408,70.4,3.585,94.42,190.1,93.19,231.8135512,Exp2.csv,
2_023_L5_17_c,2.0,2,23,5,na,c,17,0.3,12,84.1,83.6,na,5,0.25,350,0.07,0.695,3.4,0.618,2.58,69.0,3.733,94.42,190.1,93.19,231.8135512,Exp2.csv,
2_023_L5_17_c,2.0,2,23,5,na,c,17,0.3,12,84.1,83.6,na,6,0.25,350,0.07,0.734,3.469,0.556,2.461,70.0,3.724,94.42,190.1,93.19,231.8135512,Exp2.csv,
2_023_L5_18_g,2.0,2,23,5,na,g,18,0.3,12,84.1,83.6,na,1,0.25,350,0.09,0.458,2.403,1.228,3.56,90.7,2.585,106.6,173.0,85.26,220.3674831,Exp2.csv,
2_023_L5_18_g,2.0,2,23,5,na,g,18,0.3,12,84.1,83.6,na,2,0.25,350,0.09,0.466,2.505,1.13,3.411,89.3,2.853,106.6,173.0,85.26,220.3674831,Exp2.csv,
2_023_L5_18_g,2.0,2,23,5,na,g,18,0.3,12,84.1,83.6,na,3,0.25,350,0.09,0.468,2.518,1.159,3.472,91.0,2.666,106.6,173.0,85.26,220.3674831,Exp2.csv,
2_023_L5_18_g,2.0,2,23,5,na,g,18,0.3,12,84.1,83.6,na,4,0.25,350,0.09,0.476,2.493,1.057,3.204,90.0,2.694,106.6,173.0,85.26,220.3674831,Exp2.csv,
2_023_L5_18_g,2.0,2,23,5,na,g,18,0.3,12,84.1,83.6,na,5,0.25,350,0.09,0.484,2.651,1.017,3.219,89.5,2.928,106.6,173.0,85.26,220.3674831,Exp2.csv,
2_023_L5_18_g,2.0,2,23,5,na,g,18,0.3,12,84.1,83.6,na,6,0.25,350,0.09,0.473,2.449,1.035,3.092,90.4,2.645,106.6,173.0,85.26,220.3674831,Exp2.csv,
2_081_L6_21_b,2.0,1,81,6,na,b,21,0.3,12,82.6,81.6,na,1,0.5,350,0.07,0.423,2.136,0.446,2.503,71.5,2.538,170.1,224.2,198.1,344.1558659,Exp2.csv,
2_081_L6_21_b,2.0,1,81,6,na,b,21,0.3,12,82.6,81.6,na,2,0.5,350,0.07,0.458,2.315,0.218,2.334,68.9,2.577,170.1,224.2,198.1,344.1558659,Exp2.csv,
2_081_L6_21_b,2.0,1,81,6,na,b,21,0.3,12,82.6,81.6,na,3,0.5,350,0.07,0.42,2.298,1.254,3.759,70.2,2.459,170.1,224.2,198.1,344.1558659,Exp2.csv,
2_081_L6_21_b,2.0,1,81,6,na,b,21,0.3,12,82.6,81.6,na,4,0.5,350,0.07,0.429,2.363,1.222,3.676,69.5,2.549,170.1,224.2,198.1,344.1558659,Exp2.csv,
2_081_L6_21_b,2.0,1,81,6,na,b,21,0.3,12,82.6,81.6,na,5,0.5,350,0.07,0.448,2.213,0.907,2.847,68.9,2.454,170.1,224.2,198.1,344.1558659,Exp2.csv,
2_081_L6_21_b,2.0,1,81,6,na,b,21,0.3,12,82.6,81.6,na,6,0.5,350,0.07,0.367,2.027,0.164,2.627,73.8,2.341,170.1,224.2,198.1,344.1558659,Exp2.csv,
2_081_L6_22_d,2.0,1,81,6,na,d,22,0.3,12,80.6,79.6,na,1,0.5,350,0.09,0.472,2.865,0.83,3.514,83.3,3.225,195.0,229.7,190.6,356.5325371,Exp2.csv,
2_081_L6_22_d,2.0,1,81,6,na,d,22,0.3,12,80.6,79.6,na,2,0.5,350,0.09,0.495,2.98,0.783,3.479,53.5,3.324,195.0,229.7,190.6,356.5325371,Exp2.csv,
2_081_L6_22_d,2.0,1,81,6,na,d,22,0.3,12,80.6,79.6,na,3,0.5,350,0.09,0.496,2.889,0.887,3.469,51.7,3.098,195.0,229.7,190.6,356.5325371,Exp2.csv,
2_081_L6_22_d,2.0,1,81,6,na,d,22,0.3,12,80.6,79.6,na,4,0.5,350,0.09,0.495,2.978,0.826,3.535,87.6,3.282,195.0,229.7,190.6,356.5325371,Exp2.csv,
2_081_L6_22_d,2.0,1,81,6,na,d,22,0.3,12,80.6,79.6,na,5,0.5,350,0.09,0.455,2.829,0.792,3.59,81.8,3.168,195.0,229.7,190.6,356.5325371,Exp2.csv,
2_081_L6_22_d,2.0,1,81,6,na,d,22,0.3,12,80.6,79.6,na,6,0.5,350,0.09,0.489,2.843,0.947,3.566,63.4,3.006,195.0,229.7,190.6,356.5325371,Exp2.csv,
2_081_L6_21_e,2.0,2,81,6,na,e,21,0.3,12,79.6,78.6,na,1,0.5,350,0.07,0.52,2.854,0.441,2.916,56.3,2.995,168.7,217.0,179.0,328.0086737,Exp2.csv,
2_081_L6_21_e,2.0,2,81,6,na,e,21,0.3,12,79.6,78.6,na,2,0.5,350,0.07,0.497,3.03,0.313,3.215,54.2,3.414,168.7,217.0,179.0,328.0086737,Exp2.csv,
2_081_L6_21_e,2.0,2,81,6,na,e,21,0.3,12,79.6,78.6,na,3,0.5,350,0.07,0.514,2.985,0.215,2.964,62.8,3.198,168.7,217.0,179.0,328.0086737,Exp2.csv,
2_081_L6_21_e,2.0,2,81,6,na,e,21,0.3,12,79.6,78.6,na,4,0.5,350,0.07,0.508,2.876,0.47,3.073,59.8,2.998,168.7,217.0,179.0,328.0086737,Exp2.csv,
2_081_L6_21_e,2.0,2,81,6,na,e,21,0.3,12,79.6,78.6,na,5,0.5,350,0.07,0.533,3.03,0.294,2.972,61.4,3.218,168.7,217.0,179.0,328.0086737,Exp2.csv,
2_081_L6_21_e,2.0,2,81,6,na,e,21,0.3,12,79.6,78.6,na,6,0.5,350,0.07,0.466,2.884,0.257,3.281,64.2,3.043,168.7,217.0,179.0,328.0086737,Exp2.csv,
2_081_L6_22_h,2.0,2,81,6,na,h,22,0.3,12,76.6,75.6,na,1,0.5,350,0.09,0.477,2.952,0.91,3.597,87.4,3.104,195.1,221.2,174.9,342.9044473,Exp2.csv,
2_081_L6_22_h,2.0,2,81,6,na,h,22,0.3,12,76.6,75.6,na,2,0.5,350,0.09,0.488,2.934,0.925,3.603,73.0,3.168,195.1,221.2,174.9,342.9044473,Exp2.csv,
2_081_L6_22_h,2.0,2,81,6,na,h,22,0.3,12,76.6,75.6,na,3,0.5,350,0.09,0.481,2.872,1.013,3.741,90.8,2.993,195.1,221.2,174.9,342.9044473,Exp2.csv,
2_081_L6_22_h,2.0,2,81,6,na,h,22,0.3,12,76.6,75.6,na,4,0.5,350,0.09,0.467,2.852,1.06,3.951,77.7,3.156,195.1,221.2,174.9,342.9044473,Exp2.csv,
2_081_L6_22_h,2.0,2,81,6,na,h,22,0.3,12,76.6,75.6,na,5,0.5,350,0.09,0.481,2.787,0.87,3.386,81.3,3.037,195.1,221.2,174.9,342.9044473,Exp2.csv,
2_081_L6_22_h,2.0,2,81,6,na,h,22,0.3,12,76.6,75.6,na,6,0.5,350,0.09,0.473,2.958,1.001,3.859,78.5,3.196,195.1,221.2,174.9,342.9044473,Exp2.csv,
na,,na,81,na,na,front,na,0.0,320,93.0,92.5,2.656889787,1,0.5,350,0.1,0.884,3.187,0.245,1.66,100,3.296,,,,,Prep.csv,prep
na,,na,81,na,na,back,na,0.0,320,93.0,92.5,2.656889787,2,0.5,350,0.1,0.89,3.34,0.379,1.868,98,3.561,,,,,Prep.csv,prep
na,,na,81,na,na,front,na,0.0,320,93.0,92.5,2.656889787,3,0.5,350,0.1,0.926,3.292,0.192,1.632,99.1,3.485,,,,,Prep.csv,prep
na,,na,81,na,na,back,na,0.0,320,93.0,92.5,2.656889787,4,0.5,350,0.1,0.886,3.318,0.426,1.874,99.3,3.426,,,,,Prep.csv,prep
na,,na,81,na,na,front,na,0.032,320,92.0,91.5,5.285056441,1,0.5,350,0.1,0.855,3.022,0.313,1.69,100.6,3.367,,,,,Prep.csv,prep
na,,na,81,na,na,back,na,0.032,320,92.0,91.5,5.285056441,2,0.5,350,0.1,0.789,2.926,0.36,1.819,86.9,3.232,,,,,Prep.csv,prep
na,,na,81,na,na,front,na,0.032,320,92.0,91.5,5.285056441,3,0.5,350,0.1,0.949,3.346,0.369,1.749,100.5,3.495,,,,,Prep.csv,prep
na,,na,81,na,na,back,na,0.032,320,92.0,91.5,5.285056441,4,0.5,350,0.1,0.807,2.957,0.255,1.697,99.6,3.147,,,,,Prep.csv,prep
na,,na,81,na,na,front,na,0.037,320,91.0,90.5,7.884499963,1,0.5,350,0.1,0.771,2.822,0.136,1.703,94.3,3.132,,,,,Prep.csv,prep
na,,na,81,na,na,back,na,0.037,320,91.0,90.5,7.884499963,2,0.5,350,0.1,0.768,2.841,0.222,1.699,79.7,3.107,,,,,Prep.csv,prep
na,,na,81,na,na,front,na,0.037,320,91.0,90.5,7.884499963,3,0.5,350,0.1,0.766,2.923,0.201,1.74,86.2,3.283,,,,,Prep.csv,prep
na,,na,81,na,na,back,na,0.037,320,91.0,90.5,7.884499963,4,0.5,350,0.1,0.763,2.865,0.223,1.698,67.5,3.244,,,,,Prep.csv,prep
na,,na,81,na,na,front,na,0.08,320,90.0,89.5,10.45522035,1,0.5,350,0.1,0.768,2.873,0.181,1.724,71.4,3.161,,,,,Prep.csv,prep
na,,na,81,na,na,back,na,0.08,320,90.0,89.5,10.45522035,2,0.5,350,0.1,0.726,2.697,0.201,1.706,65.2,2.84,,,,,Prep.csv,prep
na,,na,81,na,na,front,na,0.08,320,90.0,89.5,10.45522035,3,0.5,350,0.1,0.751,2.777,0.199,1.699,59.6,3.059,,,,,Prep.csv,prep
na,,na,81,na,na,back,na,0.08,320,90.0,89.5,10.45522035,4,0.5,350,0.1,0.718,2.708,0.196,1.713,58.8,2.83,,,,,Prep.csv,prep
na,,na,81,na,na,front,na,0.086,320,89.0,88.5,12.99721761,1,0.5,350,0.1,0.78,2.918,0.186,1.664,99.4,3.134,,,,,Prep.csv,prep
na,,na,81,na,na,back,na,0.086,320,89.0,88.5,12.99721761,2,0.5,350,0.1,0.765,2.717,0.246,1.66,87.1,2.93,,,,,Prep.csv,prep
na,,na,81,na,na,front,na,0.086,320,89.0,88.5,12.99721761,3,0.5,350,0.1,0.785,2.877,0.06,1.601,97.7,3.224,,,,,Prep.csv,prep
na,,na,81,na,na,back,na,0.086,320,89.0,88.5,12.99721761,4,0.5,350,0.1,0.786,2.884,0.173,1.642,93.1,2.97,,,,,Prep.csv,prep
na,,na,81,na,na,front,na,0.091,320,88.0,87.5,15.51049173,1,0.5,350,0.1,0.837,3.144,0.175,1.615,100.3,3.605,,,,,Prep.csv,prep
na,,na,81,na,na,back,na,0.091,320,88.0,87.5,15.51049173,2,0.5,350,0.1,0.771,2.741,0.239,1.636,99.4,3.088,,,,,Prep.csv,prep
na,,na,81,na,na,front,na,0.091,320,88.0,87.5,15.51049173,3,0.5,350,0.1,0.801,2.888,0.099,1.582,96.9,3.338,,,,,Prep.csv,prep
na,,na,81,na,na,back,na,0.091,320,88.0,87.5,15.51049173,4,0.5,350,0.1,0.811,2.944,0.168,1.633,99.9,3.121,,,,,Prep.csv,prep
na,,na,81,na,na,front,na,0.102,320,87.0,86.5,17.99504272,1,0.5,350,0.1,0.794,3.058,0.218,1.688,93.3,3.308,,,,,Prep.csv,prep
na,,na,81,na,na,back,na,0.102,320,87.0,86.5,17.99504272,2,0.5,350,0.1,0.797,3.025,0.322,1.765,99.9,3.382,,,,,Prep.csv,prep
na,,na,81,na,na,front,na,0.102,320,87.0,86.5,17.99504272,3,0.5,350,0.1,0.811,3.039,0.173,1.703,78.2,3.496,,,,,Prep.csv,prep
na,,na,81,na,na,back,na,0.102,320,87.0,86.5,17.99504272,4,0.5,350,0.1,0.79,2.946,0.246,1.681,93.8,3.279,,,,,Prep.csv,prep
na,,na,81,na,na,front,na,0.112,320,86.0,85.5,20.45087058,1,0.5,350,0.1,0.76,2.824,0.31,1.749,99.6,3.052,,,,,Prep.csv,prep
na,,na,81,na,na,back,na,0.112,320,86.0,85.5,20.45087058,2,0.5,350,0.1,0.743,2.819,0.286,1.737,56,3.288,,,,,Prep.csv,prep
na,,na,81,na,na,front,na,0.112,320,86.0,85.5,20.45087058,3,0.5,350,0.1,0.766,2.899,0.238,1.732,81.3,3.128,,,,,Prep.csv,prep
na,,na,81,na,na,back,na,0.112,320,86.0,85.5,20.45087058,4,0.5,350,0.1,0.761,2.9,0.238,1.74,54.9,3.302,,,,,Prep.csv,prep
na,,na,81,na,na,front,na,0.112,320,85.0,84.5,22.8779753,1,0.5,350,0.1,0.708,2.776,0.419,1.866,79.6,3.139,,,,,Prep.csv,prep
na,,na,81,na,na,back,na,0.112,320,85.0,84.5,22.8779753,2,0.5,350,0.1,0.731,2.778,0.426,1.793,86.7,3.211,,,,,Prep.csv,prep
na,,na,81,na,na,front,na,0.112,320,85.0,84.5,22.8779753,3,0.5,350,0.1,0.707,2.631,0.51,1.908,48.7,2.806,,,,,Prep.csv,prep
na,,na,81,na,na,back,na,0.112,320,85.0,84.5,22.8779753,4,0.5,350,0.1,0.74,2.813,0.36,1.755,64.4,3.312,,,,,Prep.csv,prep
na,,na,81,na,na,front,na,0.118,320,84.0,83.5,25.27635689,1,0.5,350,0.1,0.761,3.121,0.429,1.905,61.6,3.315,,,,,Prep.csv,prep
na,,na,81,na,na,back,na,0.118,320,84.0,83.5,25.27635689,2,0.5,350,0.1,0.743,2.782,0.253,1.715,58.7,2.993,,,,,Prep.csv,prep
na,,na,81,na,na,front,na,0.118,320,84.0,83.5,25.27635689,3,0.5,350,0.1,0.775,3.055,0.372,1.842,73.3,3.419,,,,,Prep.csv,prep
na,,na,81,na,na,back,na,0.118,320,84.0,83.5,25.27635689,4,0.5,350,0.1,0.745,2.726,0.39,1.758,69.9,2.921,,,,,Prep.csv,prep
na,,na,81,na,na,front,na,0.128,320,83.0,82.5,27.64601535,1,0.5,350,0.1,0.704,2.701,0.547,1.962,92,3.111,,,,,Prep.csv,prep
na,,na,81,na,na,back,na,0.128,320,83.0,82.5,27.64601535,2,0.5,350,0.1,0.745,3.051,0.58,2.068,58.2,3.423,,,,,Prep.csv,prep
na,,na,81,na,na,front,na,0.128,320,83.0,82.5,27.64601535,3,0.5,350,0.1,0.73,2.88,0.406,1.884,92.9,3.151,,,,,Prep.csv,prep
na,,na,81,na,na,back,na,0.128,320,83.0,82.5,27.64601535,4,0.5,350,0.1,0.756,3.204,0.498,2.088,73.3,3.518,,,,,Prep.csv,prep
na,,na,81,na,na,front,na,0.139,320,82.0,81.5,29.98695068,1,0.5,350,0.1,0.743,3.238,0.635,2.265,62.3,3.511,,,,,Prep.csv,prep
na,,na,81,na,na,back,na,0.139,320,82.0,81.5,29.98695068,2,0.5,350,0.1,0.682,2.817,0.447,1.989,100.1,3.345,,,,,Prep.csv,prep
na,,na,81,na,na,front,na,0.139,320,82.0,81.5,29.98695068,3,0.5,350,0.1,0.769,3.27,0.437,2.042,65.8,3.463,,,,,Prep.csv,prep
na,,na,81,na,na,back,na,0.139,320,82.0,81.5,29.98695068,4,0.5,350,0.1,0.658,2.723,0.36,1.983,99.4,3.166,,,,,Prep.csv,prep
na,,na,81,na,na,front,na,0.171,320,81.0,80.5,32.29916287,1,0.5,350,0.1,0.679,2.756,0.219,1.847,100.9,2.998,,,,,Prep.csv,prep
na,,na,81,na,na,back,na,0.171,320,81.0,80.5,32.29916287,2,0.5,350,0.1,0.673,2.782,-0.188,1.752,128.4,3.227,,,,,Prep.csv,prep
na,,na,81,na,na,front,na,0.171,320,81.0,80.5,32.29916287,3,0.5,350,0.1,0.724,3.009,-0.011,1.809,97.8,3.562,,,,,Prep.csv,prep
na,,na,81,na,na,back,na,0.171,320,81.0,80.5,32.29916287,4,0.5,350,0.1,0.727,2.835,0.257,1.756,56.7,3.351,,,,,Prep.csv,prep
na,,na,81,na,na,front,na,0.187,320,80.0,79.5,34.58265193,1,0.5,350,0.1,0.875,3.398,0.145,1.756,100.8,3.711,,,,,Prep.csv,prep
na,,na,81,na,na,back,na,0.187,320,80.0,79.5,34.58265193,2,0.5,350,0.1,0.796,3.046,0.256,1.711,49.5,3.313,,,,,Prep.csv,prep
na,,na,81,na,na,front,na,0.187,320,80.0,79.5,34.58265193,3,0.5,350,0.1,0.775,3.022,0.235,1.751,99.2,3.132,,,,,Prep.csv,prep
na,,na,81,na,na,back,na,0.187,320,80.0,79.5,34.58265193,4,0.5,350,0.1,0.802,3.027,0.238,1.714,50.1,3.21,,,,,Prep.csv,prep
na,,na,81,na,na,front,na,0.209,320,79.0,78.5,36.83741786,1,0.5,350,0.1,0.825,3.105,0.398,1.801,58.9,3.378,,,,,Prep.csv,prep
na,,na,81,na,na,back,na,0.209,320,79.0,78.5,36.83741786,2,0.5,350,0.1,0.884,3.933,0.041,2.012,66,4.394,,,,,Prep.csv,prep
na,,na,81,na,na,front,na,0.209,320,79.0,78.5,36.83741786,3,0.5,350,0.1,0.834,3.244,0.51,1.962,66.3,3.47,,,,,Prep.csv,prep
na,,na,81,na,na,back,na,0.209,320,79.0,78.5,36.83741786,4,0.5,350,0.1,0.868,3.684,0.017,1.926,50,3.772,,,,,Prep.csv,prep
na,,na,81,na,na,front,na,0.214,320,78.0,77.5,39.06346065,1,0.5,350,0.1,0.887,3.941,0.055,1.967,94.4,4.36,,,,,Prep.csv,prep
na,,na,81,na,na,back,na,0.214,320,78.0,77.5,39.06346065,2,0.5,350,0.1,0.731,2.812,-0.001,1.677,103.3,3.186,,,,,Prep.csv,prep
na,,na,81,na,na,front,na,0.214,320,78.0,77.5,39.06346065,3,0.5,350,0.1,0.837,3.541,0.171,1.883,82.2,3.801,,,,,Prep.csv,prep
na,,na,81,na,na,back,na,0.214,320,78.0,77.5,39.06346065,4,0.5,350,0.1,0.783,3.232,0.062,1.75,100.3,3.575,,,,,Prep.csv,prep
na,,na,81,na,na,front,na,0.23,320,77.0,76.5,41.26078031,1,0.5,350,0.1,0.654,2.945,-0.056,2.074,99.5,3.303,,,,,Prep.csv,prep
na,,na,81,na,na,back,na,0.23,320,77.0,76.5,41.26078031,2,0.5,350,0.1,0.591,2.409,-0.333,1.924,59.1,2.61,,,,,Prep.csv,prep
na,,na,81,na,na,front,na,0.23,320,77.0,76.5,41.26078031,3,0.5,350,0.1,0.597,2.799,-0.187,2.144,94.9,3.022,,,,,Prep.csv,prep
na,,na,81,na,na,back,na,0.23,320,77.0,76.5,41.26078031,4,0.5,350,0.1,0.586,2.471,-0.398,1.975,66.5,2.663,,,,,Prep.csv,prep
na,,na,81,na,na,front,na,0.278,320,76.0,75.5,43.42937684,1,0.5,350,0.1,0.593,2.371,-0.445,1.864,101,2.569,,,,,Prep.csv,prep
na,,na,81,na,na,back,na,0.278,320,76.0,75.5,43.42937684,2,0.5,350,0.1,0.573,2.32,-0.417,1.813,46.1,2.447,,,,,Prep.csv,prep
na,,na,81,na,na,front,na,0.278,320,76.0,75.5,43.42937684,3,0.5,350,0.1,0.603,2.439,-0.434,1.883,99.6,2.598,,,,,Prep.csv,prep
na,,na,81,na,na,back,na,0.278,320,76.0,75.5,43.42937684,4,0.5,350,0.1,0.572,2.424,-0.294,1.813,43.9,2.824,,,,,Prep.csv,prep
na,,na,81,na,na,front,na,0.3,320,75.0,74.5,45.56925024,1,0.5,350,0.1,0.573,2.336,-0.366,1.848,51.1,3.029,,,,,Prep.csv,prep
na,,na,81,na,na,back,na,0.3,320,75.0,74.5,45.56925024,2,0.5,350,0.1,0.494,2.094,-0.372,1.884,49.7,2.339,,,,,Prep.csv,prep
na,,na,81,na,na,front,na,0.3,320,75.0,74.5,45.56925024,3,0.5,350,0.1,0.543,1.938,-0.352,1.653,49.7,2.161,,,,,Prep.csv,prep
na,,na,81,na,na,back,na,0.3,320,75.0,74.5,45.56925024,4,0.5,350,0.1,0.487,1.98,-0.353,1.816,48.1,2.16,,,,,Prep.csv,prep
na,,na,91,na,na,front,na,0.037,320,74.0,73.5,2.111150263,1,0.5,350,0.1,0.674,2.488,0.376,1.743,100.1,2.7,,,,,Prep.csv,prep
na,,na,91,na,na,back,na,0.037,320,74.0,73.5,2.111150263,2,0.5,350,0.1,0.651,2.427,0.323,1.766,73.2,2.563,,,,,Prep.csv,prep
na,,na,91,na,na,front,na,0.037,320,74.0,73.5,2.111150263,3,0.5,350,0.1,0.679,2.551,0.179,1.706,100,2.889,,,,,Prep.csv,prep
na,,na,91,na,na,back,na,0.037,320,74.0,73.5,2.111150263,4,0.5,350,0.1,0.628,2.457,0.324,1.799,101.1,2.638,,,,,Prep.csv,prep
na,,na,91,na,na,front,na,0.043,320,73.0,72.5,4.193577394,1,0.5,350,0.1,0.626,2.338,0.409,1.865,58.8,2.529,,,,,Prep.csv,prep
na,,na,91,na,na,back,na,0.043,320,73.0,72.5,4.193577394,2,0.5,350,0.1,0.659,2.494,0.313,1.761,67.8,2.72,,,,,Prep.csv,prep
na,,na,91,na,na,front,na,0.043,320,73.0,72.5,4.193577394,3,0.5,350,0.1,0.629,2.409,0.347,1.833,54.2,2.607,,,,,Prep.csv,prep
na,,na,91,na,na,back,na,0.043,320,73.0,72.5,4.193577394,4,0.5,350,0.1,0.635,2.263,0.234,1.636,54.8,2.539,,,,,Prep.csv,prep
na,,na,91,na,na,front,na,0.059,320,72.0,71.5,6.247281391,1,0.5,350,0.1,0.619,2.404,0.416,1.879,56.9,2.652,,,,,Prep.csv,prep
na,,na,91,na,na,back,na,0.059,320,72.0,71.5,6.247281391,2,0.5,350,0.1,0.653,2.46,0.319,1.808,60.2,2.714,,,,,Prep.csv,prep
na,,na,91,na,na,front,na,0.059,320,72.0,71.5,6.247281391,3,0.5,350,0.1,0.634,2.441,0.349,1.809,53.7,2.608,,,,,Prep.csv,prep
na,,na,91,na,na,back,na,0.059,320,72.0,71.5,6.247281391,4,0.5,350,0.1,0.564,2.238,0.399,1.9,58.1,2.509,,,,,Prep.csv,prep
na,,na,91,na,na,front,na,0.086,320,71.0,70.5,8.272262256,1,0.5,350,0.1,0.566,2.091,0.404,1.78,52.8,2.201,,,,,Prep.csv,prep
na,,na,91,na,na,back,na,0.086,320,71.0,70.5,8.272262256,2,0.5,350,0.1,0.601,2.172,0.173,1.647,66.6,2.493,,,,,Prep.csv,prep
na,,na,91,na,na,front,na,0.086,320,71.0,70.5,8.272262256,3,0.5,350,0.1,0.571,2.176,0.39,1.835,52,2.433,,,,,Prep.csv,prep
na,,na,91,na,na,back,na,0.086,320,71.0,70.5,8.272262256,4,0.5,350,0.1,0.581,2.254,0.285,1.741,56.9,2.636,,,,,Prep.csv,prep
na,,na,91,na,na,front,na,0.107,320,70.0,69.5,10.26851999,1,0.5,350,0.1,0.577,2.102,0.206,1.633,53.3,2.222,,,,,Prep.csv,prep
na,,na,91,na,na,back,na,0.107,320,70.0,69.5,10.26851999,2,0.5,350,0.1,0.564,2.208,0.335,1.811,66.8,2.292,,,,,Prep.csv,prep
na,,na,91,na,na,front,na,0.107,320,70.0,69.5,10.26851999,3,0.5,350,0.1,0.572,2.245,0.189,1.76,52.3,2.626,,,,,Prep.csv,prep
na,,na,91,na,na,back,na,0.107,320,70.0,69.5,10.26851999,4,0.5,350,0.1,0.531,2.13,0.285,1.851,85.8,2.387,,,,,Prep.csv,prep
na,,na,13,na,na,front,na,0.037,320,69.0,68.5,1.967534599,1,0.5,350,0.1,0.572,2.461,0.76,2.468,100.4,2.765,,,,,Prep.csv,prep
na,,na,13,na,na,back,na,0.037,320,69.0,68.5,1.967534599,2,0.5,350,0.1,0.662,2.496,0.499,1.93,73.9,2.665,,,,,Prep.csv,prep
na,,na,13,na,na,front,na,0.037,320,69.0,68.5,1.967534599,3,0.5,350,0.1,0.602,2.573,0.701,2.286,102.8,2.803,,,,,Prep.csv,prep
na,,na,13,na,na,back,na,0.037,320,69.0,68.5,1.967534599,4,0.5,350,0.1,0.638,2.487,0.518,1.998,69.2,2.633,,,,,Prep.csv,prep
na,,na,13,na,na,front,na,0.064,320,68.0,67.5,3.906346065,1,0.5,350,0.1,0.651,2.716,0.325,1.964,95.1,2.914,,,,,Prep.csv,prep
na,,na,13,na,na,back,na,0.064,320,68.0,67.5,3.906346065,2,0.5,350,0.1,0.696,2.504,0.315,1.704,56.4,2.626,,,,,Prep.csv,prep
na,,na,13,na,na,front,na,0.064,320,68.0,67.5,3.906346065,3,0.5,350,0.1,0.63,2.505,0.391,1.944,81.1,2.706,,,,,Prep.csv,prep
na,,na,13,na,na,back,na,0.064,320,68.0,67.5,3.906346065,4,0.5,350,0.1,0.681,2.597,0.281,1.726,59.3,2.694,,,,,Prep.csv,prep
na,,na,13,na,na,front,na,0.091,320,67.0,66.5,5.816434399,1,0.5,350,0.1,0.74,2.758,0.264,1.747,62.8,2.971,,,,,Prep.csv,prep
na,,na,13,na,na,back,na,0.091,320,67.0,66.5,5.816434399,2,0.5,350,0.1,0.683,2.481,0.179,1.668,50.2,2.573,,,,,Prep.csv,prep
na,,na,13,na,na,front,na,0.091,320,67.0,66.5,5.816434399,3,0.5,350,0.1,0.685,2.626,0.363,1.856,56.4,2.808,,,,,Prep.csv,prep
na,,na,13,na,na,back,na,0.091,320,67.0,66.5,5.816434399,4,0.5,350,0.1,0.649,2.346,0.214,1.702,56.1,2.5,,,,,Prep.csv,prep
na,,na,13,na,na,front,na,0.102,320,66.0,65.5,7.697799599,1,0.5,350,0.1,0.678,2.643,0.293,1.823,53.8,2.751,,,,,Prep.csv,prep
na,,na,13,na,na,back,na,0.102,320,66.0,65.5,7.697799599,2,0.5,350,0.1,0.634,2.303,0.308,1.708,64.3,2.543,,,,,Prep.csv,prep
na,,na,13,na,na,front,na,0.102,320,66.0,65.5,7.697799599,3,0.5,350,0.1,0.683,2.612,0.198,1.779,55.5,2.87,,,,,Prep.csv,prep
na,,na,13,na,na,back,na,0.102,320,66.0,65.5,7.697799599,4,0.5,350,0.1,0.642,2.352,0.206,1.677,65.4,2.544,,,,,Prep.csv,prep
na,,na,23,na,na,front,na,0.032,320,93.5,93.25,2.678432137,1,0.25,350,0.1,0.514,2.478,0.658,2.568,101.1,2.622,,,,,Prep.csv,prep
na,,na,23,na,na,back,na,0.032,320,93.5,93.25,2.678432137,2,0.25,350,0.1,0.459,2.051,0.684,2.434,80.5,2.225,,,,,Prep.csv,prep
na,,na,23,na,na,front,na,0.032,320,93.5,93.25,2.678432137,3,0.25,350,0.1,0.552,2.605,0.637,2.51,89.6,2.908,,,,,Prep.csv,prep
na,,na,23,na,na,back,na,0.032,320,93.5,93.25,2.678432137,4,0.25,350,0.1,0.435,1.915,0.834,2.56,67.0,2.234,,,,,Prep.csv,prep
na,,na,23,na,na,front,na,0.037,320,93.0,92.75,5.342502707,1,0.25,350,0.1,0.32,1.5,0.701,2.423,67.0,1.605,,,,,Prep.csv,prep
na,,na,23,na,na,back,na,0.037,320,93.0,92.75,5.342502707,2,0.25,350,0.1,0.333,1.6,0.919,2.781,90.9,1.678,,,,,Prep.csv,prep
na,,na,23,na,na,front,na,0.037,320,93.0,92.75,5.342502707,3,0.25,350,0.1,0.412,1.75,0.613,2.229,69.6,1.947,,,,,Prep.csv,prep
na,,na,23,na,na,back,na,0.037,320,93.0,92.75,5.342502707,4,0.25,350,0.1,0.331,1.588,0.925,2.763,93.2,1.729,,,,,Prep.csv,prep
na,,na,23,na,na,front,na,0.043,320,92.5,92.25,7.992211711,1,0.25,350,0.1,0.331,1.571,0.789,2.505,103.5,1.679,,,,,Prep.csv,prep
na,,na,23,na,na,back,na,0.043,320,92.5,92.25,7.992211711,2,0.25,350,0.1,0.339,1.516,0.766,2.296,101.0,1.588,,,,,Prep.csv,prep
na,,na,23,na,na,front,na,0.043,320,92.5,92.25,7.992211711,3,0.25,350,0.1,0.332,1.448,0.686,2.255,74.4,1.687,,,,,Prep.csv,prep
na,,na,23,na,na,back,na,0.043,320,92.5,92.25,7.992211711,4,0.25,350,0.1,0.395,1.602,0.637,2.066,87.7,1.858,,,,,Prep.csv,prep
na,,na,23,na,na,front,na,0.043,320,92.0,91.75,10.62755915,1,0.25,350,0.1,0.386,1.709,0.723,2.318,99.3,2.102,,,,,Prep.csv,prep
na,,na,23,na,na,back,na,0.043,320,92.0,91.75,10.62755915,2,0.25,350,0.1,0.388,1.725,0.347,1.846,74.8,1.956,,,,,Prep.csv,prep
na,,na,23,na,na,front,na,0.043,320,92.0,91.75,10.62755915,3,0.25,350,0.1,0.328,1.467,0.783,2.286,63.3,1.817,,,,,Prep.csv,prep
na,,na,23,na,na,back,na,0.043,320,92.0,91.75,10.62755915,4,0.25,350,0.1,0.39,1.784,0.409,1.853,61.3,1.939,,,,,Prep.csv,prep
na,,na,23,na,na,front,na,0.053,320,91.5,91.25,13.24854502,1,0.25,350,0.1,0.393,1.766,0.389,1.823,74.9,1.999,,,,,Prep.csv,prep
na,,na,23,na,na,back,na,0.053,320,91.5,91.25,13.24854502,2,0.25,350,0.1,0.412,2.113,-0.09,2.21,80.6,2.256,,,,,Prep.csv,prep
na,,na,23,na,na,front,na,0.053,320,91.5,91.25,13.24854502,3,0.25,350,0.1,0.419,1.767,0.372,1.744,57.8,1.917,,,,,Prep.csv,prep
na,,na,23,na,na,back,na,0.053,320,91.5,91.25,13.24854502,4,0.25,350,0.1,0.43,2.318,-0.024,2.261,77.3,2.577,,,,,Prep.csv,prep
na,,na,23,na,na,front,na,0.053,320,91.0,90.75,15.85516932,1,0.25,350,0.1,0.393,1.827,0.299,1.864,93.9,2.155,,,,,Prep.csv,prep
na,,na,23,na,na,back,na,0.053,320,91.0,90.75,15.85516932,2,0.25,350,0.1,0.354,2.426,-0.657,4.322,85.9,2.535,,,,,Prep.csv,prep
na,,na,23,na,na,front,na,0.053,320,91.0,90.75,15.85516932,3,0.25,350,0.1,0.36,1.878,0.386,2.036,87.0,2.185,,,,,Prep.csv,prep
na,,na,23,na,na,back,na,0.053,320,91.0,90.75,15.85516932,4,0.25,350,0.1,0.386,2.558,-0.533,3.747,70.7,2.741,,,,,Prep.csv,prep
na,,na,23,na,na,front,na,0.064,320,90.5,90.25,18.44743206,1,0.25,350,0.1,0.354,1.388,0.665,2.019,102.3,1.582,,,,,Prep.csv,prep
na,,na,23,na,na,back,na,0.064,320,90.5,90.25,18.44743206,2,0.25,350,0.1,0.355,1.723,0.715,2.443,100.6,1.844,,,,,Prep.csv,prep
na,,na,23,na,na,front,na,0.064,320,90.5,90.25,18.44743206,3,0.25,350,0.1,0.349,1.522,0.548,2.111,100.5,1.757,,,,,Prep.csv,prep
na,,na,23,na,na,back,na,0.064,320,90.5,90.25,18.44743206,4,0.25,350,0.1,0.343,1.45,0.656,2.249,58.9,1.627,,,,,Prep.csv,prep
na,,na,23,na,na,front,na,0.064,320,90.0,89.75,21.02533323,1,0.25,350,0.1,0.315,1.452,0.729,2.452,54.8,1.589,,,,,Prep.csv,prep
na,,na,23,na,na,back,na,0.064,320,90.0,89.75,21.02533323,2,0.25,350,0.1,0.391,2.363,-0.364,3.265,59.1,2.517,,,,,Prep.csv,prep
na,,na,23,na,na,front,na,0.064,320,90.0,89.75,21.02533323,3,0.25,350,0.1,0.332,1.621,0.863,2.699,52.8,1.784,,,,,Prep.csv,prep
na,,na,23,na,na,back,na,0.064,320,90.0,89.75,21.02533323,4,0.25,350,0.1,0.325,2.124,-0.168,3.099,81.1,2.286,,,,,Prep.csv,prep
na,,na,23,na,na,front,na,0.096,320,89.5,89.25,23.58887284,1,0.25,350,0.1,0.452,2.775,-0.831,4.0,50.4,2.893,,,,,Prep.csv,prep
na,,na,23,na,na,back,na,0.096,320,89.5,89.25,23.58887284,2,0.25,350,0.1,0.347,1.771,0.905,2.82,54.0,1.897,,,,,Prep.csv,prep
na,,na,23,na,na,front,na,0.096,320,89.5,89.25,23.58887284,3,0.25,350,0.1,0.497,3.175,-1.277,4.813,59.7,3.443,,,,,Prep.csv,prep
na,,na,23,na,na,back,na,0.096,320,89.5,89.25,23.58887284,4,0.25,350,0.1,0.346,1.452,0.74,2.245,101.6,1.567,,,,,Prep.csv,prep
na,,na,23,na,na,front,na,0.107,320,89.0,88.75,26.13805088,1,0.25,350,0.1,0.378,1.606,0.759,2.329,47.5,1.849,,,,,Prep.csv,prep
na,,na,23,na,na,back,na,0.107,320,89.0,88.75,26.13805088,2,0.25,350,0.1,0.418,1.909,0.08,1.974,100.8,2.148,,,,,Prep.csv,prep
na,,na,23,na,na,front,na,0.107,320,89.0,88.75,26.13805088,3,0.25,350,0.1,0.327,1.598,0.755,2.602,48.6,1.793,,,,,Prep.csv,prep
na,,na,23,na,na,back,na,0.107,320,89.0,88.75,26.13805088,4,0.25,350,0.1,0.392,1.919,0.186,2.12,100.0,2.19,,,,,Prep.csv,prep
na,,na,23,na,na,front,na,0.118,320,88.5,88.25,28.67286735,1,0.25,350,0.1,0.317,1.646,1.069,3.164,96.7,1.813,,,,,Prep.csv,prep
na,,na,23,na,na,back,na,0.118,320,88.5,88.25,28.67286735,2,0.25,350,0.1,0.315,1.45,0.638,2.378,75.4,1.765,,,,,Prep.csv,prep
na,,na,23,na,na,front,na,0.118,320,88.5,88.25,28.67286735,3,0.25,350,0.1,0.368,1.734,0.801,2.682,83.7,1.959,,,,,Prep.csv,prep
na,,na,23,na,na,back,na,0.118,320,88.5,88.25,28.67286735,4,0.25,350,0.1,0.409,1.672,0.803,2.357,83.9,2.037,,,,,Prep.csv,prep
na,,na,23,na,na,front,na,0.118,320,88.0,87.75,31.19332226,1,0.25,350,0.1,0.403,2.147,0.623,2.542,44.7,2.288,,,,,Prep.csv,prep
na,,na,23,na,na,back,na,0.118,320,88.0,87.75,31.19332226,2,0.25,350,0.1,0.396,2.44,-0.327,3.339,53.9,2.562,,,,,Prep.csv,prep
na,,na,23,na,na,front,na,0.118,320,88.0,87.75,31.19332226,3,0.25,350,0.1,0.544,2.612,0.519,2.21,93.7,2.715,,,,,Prep.csv,prep
na,,na,23,na,na,back,na,0.118,320,88.0,87.75,31.19332226,4,0.25,350,0.1,0.429,2.09,0.502,2.214,47.5,2.25,,,,,Prep.csv,prep
na,,na,23,na,na,front,na,0.118,320,87.5,87.25,33.6994156,1,0.25,350,0.1,0.39,1.934,0.509,2.369,100.6,2.165,,,,,Prep.csv,prep
na,,na,23,na,na,back,na,0.118,320,87.5,87.25,33.6994156,2,0.25,350,0.1,0.412,2.057,0.093,2.023,47.4,2.275,,,,,Prep.csv,prep
na,,na,23,na,na,front,na,0.118,320,87.5,87.25,33.6994156,3,0.25,350,0.1,0.447,1.791,0.263,1.825,100.7,1.969,,,,,Prep.csv,prep
na,,na,23,na,na,back,na,0.118,320,87.5,87.25,33.6994156,4,0.25,350,0.1,0.398,2.259,0.111,2.415,48.0,2.479,,,,,Prep.csv,prep
na,,na,23,na,na,front,na,0.144,320,87.0,86.75,36.19114737,1,0.25,350,0.1,0.472,1.759,0.322,1.624,100.2,2.022,,,,,Prep.csv,prep
na,,na,23,na,na,back,na,0.144,320,87.0,86.75,36.19114737,2,0.25,350,0.1,0.324,2.012,0.086,2.867,83.5,2.147,,,,,Prep.csv,prep
na,,na,23,na,na,front,na,0.144,320,87.0,86.75,36.19114737,3,0.25,350,0.1,0.446,1.774,0.427,1.822,100.4,1.868,,,,,Prep.csv,prep
na,,na,23,na,na,back,na,0.144,320,87.0,86.75,36.19114737,4,0.25,350,0.1,0.392,2.159,0.33,2.442,83.0,2.451,,,,,Prep.csv,prep
na,,na,23,na,na,front,na,0.187,320,86.5,86.25,38.66851758,1,0.25,350,0.1,0.358,1.523,0.677,2.17,99.4,1.805,,,,,Prep.csv,prep
na,,na,23,na,na,back,na,0.187,320,86.5,86.25,38.66851758,2,0.25,350,0.1,0.389,1.938,0.887,2.59,45.1,2.129,,,,,Prep.csv,prep
na,,na,23,na,na,front,na,0.187,320,86.5,86.25,38.66851758,3,0.25,350,0.1,0.388,1.539,0.772,2.135,98.7,1.726,,,,,Prep.csv,prep
na,,na,23,na,na,back,na,0.187,320,86.5,86.25,38.66851758,4,0.25,350,0.1,0.302,1.379,0.498,2.105,47.4,1.565,,,,,Prep.csv,prep
na,,na,23,na,na,front,na,0.198,320,86.0,85.75,41.13152622,1,0.25,350,0.1,0.286,2.135,-0.645,4.779,56.7,2.307,,,,,Prep.csv,prep
na,,na,23,na,na,back,na,0.198,320,86.0,85.75,41.13152622,2,0.25,350,0.1,0.416,2.232,0.338,2.405,57.1,2.389,,,,,Prep.csv,prep
na,,na,23,na,na,front,na,0.198,320,86.0,85.75,41.13152622,3,0.25,350,0.1,0.355,2.092,0.176,2.773,52.5,2.291,,,,,Prep.csv,prep
na,,na,23,na,na,back,na,0.198,320,86.0,85.75,41.13152622,4,0.25,350,0.1,0.398,2.249,0.351,2.676,57.4,2.552,,,,,Prep.csv,prep
na,,na,23,na,na,front,na,0.203,320,85.5,85.25,43.58017329,1,0.25,350,0.1,0.337,1.621,-0.22,2.182,48.2,1.789,,,,,Prep.csv,prep
na,,na,23,na,na,back,na,0.203,320,85.5,85.25,43.58017329,2,0.25,350,0.1,0.437,2.271,-0.369,2.51,92.5,2.46,,,,,Prep.csv,prep
na,,na,23,na,na,front,na,0.203,320,85.5,85.25,43.58017329,3,0.25,350,0.1,0.328,1.756,-0.25,2.512,50.0,2.009,,,,,Prep.csv,prep
na,,na,23,na,na,back,na,0.203,320,85.5,85.25,43.58017329,4,0.25,350,0.1,0.505,2.434,-0.154,2.273,71.3,2.588,,,,,Prep.csv,prep
na,,na,23,na,na,front,na,0.225,320,85.0,84.75,46.0144588,1,0.25,350,0.1,0.468,2.232,-0.321,2.246,92.4,2.356,,,,,Prep.csv,prep
na,,na,23,na,na,back,na,0.225,320,85.0,84.75,46.0144588,2,0.25,350,0.1,0.372,2.376,-0.822,4.003,63.5,2.459,,,,,Prep.csv,prep
na,,na,23,na,na,front,na,0.225,320,85.0,84.75,46.0144588,3,0.25,350,0.1,0.445,2.271,0.004,2.269,63.3,2.643,,,,,Prep.csv,prep
na,,na,23,na,na,back,na,0.225,320,85.0,84.75,46.0144588,4,0.25,350,0.1,0.304,1.98,-0.336,2.995,50.3,2.353,,,,,Prep.csv,prep
na,,na,23,na,na,front,na,0.23,320,84.5,84.25,48.43438274,1,0.25,350,0.1,0.422,2.523,-1.545,4.901,74.6,2.679,,,,,Prep.csv,prep
na,,na,23,na,na,back,na,0.23,320,84.5,84.25,48.43438274,2,0.25,350,0.1,0.589,2.879,-1.243,3.175,99.6,3.154,,,,,Prep.csv,prep
na,,na,23,na,na,front,na,0.23,320,84.5,84.25,48.43438274,3,0.25,350,0.1,0.414,2.531,-1.786,5.35,93.0,2.691,,,,,Prep.csv,prep
na,,na,23,na,na,back,na,0.23,320,84.5,84.25,48.43438274,4,0.25,350,0.1,0.605,2.857,-1.223,3.193,89.8,2.941,,,,,Prep.csv,prep
na,,na,23,na,na,front,na,0.305,320,84.0,83.75,50.83994511,1,0.25,350,0.1,0.349,1.957,-0.414,2.778,E0110,2.27,,,,,Prep.csv,prep
na,,na,23,na,na,back,na,0.305,320,84.0,83.75,50.83994511,2,0.25,350,0.1,0.321,1.241,-0.386,1.846,43.6,1.386,,,,,Prep.csv,prep
na,,na,23,na,na,front,na,0.305,320,84.0,83.75,50.83994511,3,0.25,350,0.1,0.294,1.723,-0.594,3.187,100.4,2.02,,,,,Prep.csv,prep
na,,na,23,na,na,back,na,0.305,320,84.0,83.75,50.83994511,4,0.25,350,0.1,0.292,1.204,-0.459,1.996,45.6,1.392,,,,,Prep.csv,prep
na,,na,33,na,na,front,na,0.032,320,83.5,83.25,2.391200808,1,0.25,350,0.1,0.384,1.668,0.429,1.962,50.3,1.833,,,,,Prep.csv,prep
na,,na,33,na,na,back,na,0.032,320,83.5,83.25,2.391200808,2,0.25,350,0.1,0.55,2.009,0.297,1.656,93.9,2.113,,,,,Prep.csv,prep
na,,na,33,na,na,front,na,0.032,320,83.5,83.25,2.391200808,3,0.25,350,0.1,0.402,1.699,0.321,1.805,77.5,1.931,,,,,Prep.csv,prep
na,,na,33,na,na,back,na,0.032,320,83.5,83.25,2.391200808,4,0.25,350,0.1,0.545,2.149,0.259,1.74,80.3,2.296,,,,,Prep.csv,prep
na,,na,33,na,na,front,na,0.043,320,83.0,82.75,4.76804005,1,0.25,350,0.1,0.546,1.987,0.391,1.732,57.8,2.097,,,,,Prep.csv,prep
na,,na,33,na,na,back,na,0.043,320,83.0,82.75,4.76804005,2,0.25,350,0.1,0.582,2.144,0.329,1.721,55.3,2.353,,,,,Prep.csv,prep
na,,na,33,na,na,front,na,0.043,320,83.0,82.75,4.76804005,3,0.25,350,0.1,0.549,2.103,0.273,1.736,56.0,2.239,,,,,Prep.csv,prep
na,,na,33,na,na,back,na,0.043,320,83.0,82.75,4.76804005,4,0.25,350,0.1,0.59,2.323,0.188,1.721,59.2,2.647,,,,,Prep.csv,prep
na,,na,33,na,na,front,na,0.048,320,82.5,82.25,7.130517726,1,0.25,350,0.1,0.554,2.281,0.27,1.88,64.4,2.469,,,,,Prep.csv,prep
na,,na,33,na,na,back,na,0.048,320,82.5,82.25,7.130517726,2,0.25,350,0.1,0.496,1.994,0.235,1.813,64.9,2.184,,,,,Prep.csv,prep
na,,na,33,na,na,front,na,0.048,320,82.5,82.25,7.130517726,3,0.25,350,0.1,0.555,2.256,0.269,1.849,59.2,2.471,,,,,Prep.csv,prep
na,,na,33,na,na,back,na,0.048,320,82.5,82.25,7.130517726,4,0.25,350,0.1,0.553,2.099,0.238,1.699,55.8,2.252,,,,,Prep.csv,prep
na,,na,33,na,na,front,na,0.07,320,82.0,81.75,9.478633835,1,0.25,350,0.1,0.543,2.087,0.208,1.757,88.9,2.333,,,,,Prep.csv,prep
na,,na,33,na,na,back,na,0.07,320,82.0,81.75,9.478633835,2,0.25,350,0.1,0.551,2.189,0.292,1.83,77.1,2.341,,,,,Prep.csv,prep
na,,na,33,na,na,front,na,0.07,320,82.0,81.75,9.478633835,3,0.25,350,0.1,0.549,2.187,0.361,1.821,81.5,2.349,,,,,Prep.csv,prep
na,,na,33,na,na,back,na,0.07,320,82.0,81.75,9.478633835,4,0.25,350,0.1,0.555,2.211,0.291,1.846,63.8,2.457,,,,,Prep.csv,prep
na,,na,33,na,na,front,na,0.08,320,81.5,81.25,11.81238838,1,0.25,350,0.1,0.541,2.069,0.122,1.723,80.7,2.272,,,,,Prep.csv,prep
na,,na,33,na,na,back,na,0.08,320,81.5,81.25,11.81238838,2,0.25,350,0.1,0.505,1.856,0.04,1.567,74.9,1.946,,,,,Prep.csv,prep
na,,na,33,na,na,front,na,0.08,320,81.5,81.25,11.81238838,3,0.25,350,0.1,0.539,2.102,0.126,1.721,75.9,2.245,,,,,Prep.csv,prep
na,,na,33,na,na,back,na,0.08,320,81.5,81.25,11.81238838,4,0.25,350,0.1,0.546,2.044,0.048,1.614,82.0,2.462,,,,,Prep.csv,prep
